scenario_id,primitive,phase,t_s,x_w,y_w,z_w,phi,theta,psi,u,v,w,p,q,r,delta_a,delta_e,delta_r,desired_delta_a_cmd_rad,target_delta_a_cmd_rad,desired_delta_e_cmd_rad,target_delta_e_cmd_rad,desired_delta_r_cmd_rad,target_delta_r_cmd_rad,command_norm_a,command_norm_e,command_norm_r,delta_a_target_deg,delta_e_target_deg,delta_r_target_deg,aileron_l_deg,aileron_r_deg,elevator_deg,rudder_deg,latency_mode,latency_s,latency_range_s,onset_latency_s,vicon_latency_nominal_s,vicon_latency_p95_s,half_response_s,actuator_tau_s,state_feedback_delay_s,actuator_t10_s,actuator_t50_nominal_s,actuator_t90_s,conservative_actuator_bound_s,vicon_filter_cutoff_hz,vicon_filter_model,speed_m_s,alpha_rad,beta_rad,gamma_rad,sink_rate_m_s,wind_model,wind_mode,wind_param_label,inside_safe_volume,min_wall_distance_m,floor_margin_m,ceiling_margin_m,inside_tracker_limit,tracker_min_wall_distance_m,tracker_floor_margin_m,tracker_ceiling_margin_m,x_margin_m,y_margin_m,tracker_x_margin_m,tracker_y_margin_m
turn_ocp_closed_loop_nominal_latency,turn_ocp_left_target_030,turn_ocp_ref_target_030[0],0.0,1.45,2.4,2.7,-7.283550846394132e-28,-0.048082795413418776,1.3362044286288419e-33,6.4907694777777385,1.9100162556902598e-31,0.3462825238860654,-2.7258756767009086e-28,6.229281384575818e-28,2.2723206159537886e-29,-1.3057936183135756e-29,-0.10060848524273196,-6.679916530050834e-28,-0.3182297803602143,0.0,-0.14752135562659033,-0.10060848524273196,-0.1059481461710986,0.0,-0.8,-0.2,-0.2,0.0,-5.764441587612767,0.0,0.0,-0.0,-5.764441587612767,0.0,nominal,0.108,0.098000:0.118000,0.073,0.0149,0.0169,0.108,0.05049432643111373,0.0229,0.073,0.108,0.13,0.151,20.0,one_pole,6.5,0.053299466674997555,2.938486547215784e-32,-0.10138226208841634,0.6578564029119558,none,none,none,True,0.25,2.7,0.2999999999999998,True,1.45,2.7,0.7999999999999998,0.25,2.0000000000000004,1.45,2.4
turn_ocp_closed_loop_nominal_latency,turn_ocp_left_target_030,turn_ocp_ref_target_030[0],0.02,1.5793324784471354,2.4,2.6868428719425554,-1.2528950375658307e-17,-0.048082795413525364,2.233101532561015e-18,6.490769477781156,-1.5020371985235392e-17,0.3462825238117898,-1.172429678101397e-14,-3.6891972748460027e-11,1.9867757883109835e-16,-8.788333951770242e-30,-0.10060848524273196,-4.4957592388799225e-28,-0.2867860254571117,0.0,-0.14238894425598703,-0.10060848524273196,-0.09778370790542433,0.0,-0.6,-0.2,-0.2,0.0,-5.764441587612767,0.0,0.0,-0.0,-5.764441587612767,0.0,nominal,0.108,0.098000:0.118000,0.073,0.0149,0.0169,0.108,0.05049432643111373,0.0229,0.073,0.108,0.13,0.151,20.0,one_pole,6.4999999999994555,0.05329946666355876,-2.310826459267177e-18,-0.10138226207708413,0.6578564028386196,none,none,none,True,0.37933247844713547,2.6868428719425554,0.31315712805744456,True,1.5793324784471354,2.6868428719425554,0.8131571280574446,0.37933247844713547,2.0000000000000004,1.5793324784471354,2.4
turn_ocp_closed_loop_nominal_latency,turn_ocp_left_target_030,turn_ocp_ref_target_030[0],0.04,1.7086649568943773,2.4,2.6736857438862947,-3.8596663529597164e-16,-0.04808279541513411,2.077016464852514e-17,6.490769477783447,-4.988686101149378e-17,0.34628252375405005,-2.6496591672696633e-14,-1.3108949840229515e-10,1.769519094366429e-15,-5.914779530595795e-30,-0.10060848524273196,-3.025764026099345e-28,-0.2628703589294477,0.0,-0.13186583366336524,-0.10060848524273196,-0.09086622926168278,0.0,-0.6,-0.2,-0.2,0.0,-5.764441587612767,0.0,0.0,-0.0,-5.764441587612767,0.0,nominal,0.108,0.098000:0.118000,0.073,0.0149,0.0169,0.108,0.05049432643111373,0.0229,0.073,0.108,0.13,0.151,20.0,one_pole,6.499999999998667,0.05329946665466956,-7.67490169407754e-18,-0.10138226206980366,0.6578564027914597,none,none,none,True,0.5086649568943773,2.6736857438862947,0.32631425611370535,True,1.7086649568943773,2.6736857438862947,0.8263142561137053,0.5086649568943773,2.0000000000000004,1.7086649568943773,2.4
turn_ocp_closed_loop_nominal_latency,turn_ocp_left_target_030,turn_ocp_ref_target_030[1],0.06,1.8379974353416788,2.4,2.660528615830764,-1.0059595684735056e-15,-0.048082795418807646,7.863139928953731e-17,6.4907694777855545,-3.468044656957084e-16,0.3462825237035187,-3.459990111336084e-14,-2.376034725063833e-10,4.069340899026834e-15,-3.9808019458008915e-30,-0.10060848524273196,-2.0364186459232782e-28,-0.24302686571957313,0.0,-0.10937494653620186,-0.10060848524273196,-0.08490091103412047,0.0,-0.6,-0.2,-0.2,0.0,-5.764441587612767,0.0,0.0,-0.0,-5.764441587612767,0.0,nominal,0.108,0.098000:0.118000,0.073,0.0149,0.0169,0.108,0.05049432643111373,0.0229,0.073,0.108,0.13,0.151,20.0,one_pole,6.49999999999808,0.053299466646889275,-5.33545331839709e-17,-0.10138226206569692,0.6578564027648435,none,none,none,True,0.6379974353416789,2.660528615830764,0.33947138416923606,True,1.8379974353416788,2.660528615830764,0.8394713841692361,0.6379974353416789,2.0000000000000004,1.8379974353416788,2.4
turn_ocp_closed_loop_nominal_latency,turn_ocp_left_target_030,turn_ocp_ref_target_030[1],0.08,1.96732991378901,2.4,2.647371487775582,-1.735957668629811e-15,-0.04808279542461824,1.8484428110119998e-16,6.490769477788088,-1.0301565741039857e-15,0.34628252365719303,-3.729380674043096e-14,-3.431012886303642e-10,6.537209263405212e-15,-2.6791842451135145e-30,-0.10060848524273196,-1.3705632249221008e-28,-0.22220883160671884,-0.36302848441482055,-0.08427493609680317,-0.10471975511965978,-0.0799924534845983,-0.12217304763960307,-0.4,-0.2,-0.2,-20.8,-6.000000000000001,-7.0,-20.8,20.8,-6.000000000000001,-7.0,nominal,0.108,0.098000:0.118000,0.073,0.0149,0.0169,0.108,0.05049432643111373,0.0229,0.073,0.108,0.13,0.151,20.0,one_pole,6.499999999998142,0.053299466639751596,-1.5848562678527389e-16,-0.10138226206436983,0.6578564027562681,none,none,none,True,0.7673299137890099,2.647371487775582,0.35262851222441816,True,1.96732991378901,2.647371487775582,0.8526285122244182,0.7673299137890099,2.0000000000000004,1.96732991378901,2.4
turn_ocp_closed_loop_nominal_latency,turn_ocp_left_target_030,turn_ocp_ref_target_030[2],0.1,2.0966567885098217,2.3999665448145926,2.634215416714376,-0.0026392319292998186,-0.04810389472407676,-0.00026501614634057884,6.489693781876201,-0.0044197140337037845,0.34624261387593114,-0.3968784862058991,-0.004536031451579749,-0.03933547511112067,-0.11870078130023008,-0.10195276253081881,-0.03994737832219282,-0.19675623217000687,-0.2722713633111154,-0.07149587421944585,-0.10471975511965978,-0.07595505577991819,-0.12217304763960307,-0.4,-0.2,-0.2,-15.6,-6.000000000000001,-7.0,-15.6,15.6,-6.000000000000001,-7.0,nominal,0.108,0.098000:0.118000,0.073,0.0149,0.0169,0.108,0.05049432643111373,0.0229,0.073,0.108,0.13,0.151,20.0,one_pole,6.49892520837549,0.05330215227983405,-0.000680068508664965,-0.10140763921738045,0.6579117016755439,none,none,none,True,0.8966567885098218,2.634215416714376,0.3657845832856239,True,2.0966567885098217,2.634215416714376,0.8657845832856239,0.8966567885098218,2.0000334551854078,2.0966567885098217,2.3999665448145926
turn_ocp_closed_loop_nominal_latency,turn_ocp_left_target_030,turn_ocp_ref_target_030[2],0.12,2.225929888820142,2.3997854490766732,2.62105391683447,-0.016301940341465086,-0.04825564138798561,-0.0017080780740693611,6.485606401297595,-0.007494595416179448,0.3458932535115902,-0.9634017978028271,-0.009492580737894118,-0.10607213652285921,-0.16891432886470586,-0.1028574964463318,-0.06683301294847807,-0.20111108111666237,-0.2722713633111154,-0.07343945078792426,-0.10471975511965978,-0.07328546941036759,-0.12217304763960307,-0.4,-0.2,-0.2,-15.6,-6.000000000000001,-7.0,-15.6,15.6,-6.000000000000001,-7.0,nominal,0.108,0.098000:0.118000,0.073,0.0149,0.0169,0.108,0.05049432643111373,0.0229,0.073,0.108,0.13,0.151,20.0,one_pole,6.49482784254807,0.05328196679496284,-0.0011539331389717163,-0.10154932146885483,0.6584123770846947,none,none,none,True,1.0259298888201422,2.62105391683447,0.37894608316553,True,2.225929888820142,2.62105391683447,0.87894608316553,1.0259298888201422,2.000214550923327,2.225929888820142,2.3997854490766732
turn_ocp_closed_loop_nominal_latency,turn_ocp_left_target_030,turn_ocp_ref_target_030[3],0.14,2.3550985049481987,2.3994465750514715,2.607872764111937,-0.04010124399901534,-0.0485497833196824,-0.004498684735768645,6.479686278044368,-0.0061553969346409155,0.3459029963486066,-1.4110827667735992,-0.011801185271253357,-0.17310404360621623,-0.20270936497995662,-0.1034664061297234,-0.08492775106691261,-0.18947000446089643,-0.2722713633111154,-0.07548102294141751,-0.10471975511965978,-0.07101759569143189,-0.12217304763960307,-0.4,-0.2,-0.2,-15.6,-6.000000000000001,-7.0,-15.6,15.6,-6.000000000000001,-7.0,nominal,0.108,0.098000:0.118000,0.073,0.0149,0.0169,0.108,0.05049432643111373,0.0229,0.073,0.108,0.13,0.151,20.0,one_pole,6.488915243218302,0.053332054633134486,-0.000948601981544667,-0.10187694662517875,0.6599279324112124,none,none,none,True,1.1550985049481988,2.607872764111937,0.3921272358880632,True,2.3550985049481987,2.607872764111937,0.8921272358880632,1.1550985049481988,2.000553424948529,2.3550985049481987,2.3994465750514715
turn_ocp_closed_loop_nominal_latency,turn_ocp_left_target_030,turn_ocp_ref_target_030[3],0.16,2.4841316022162565,2.398912559073467,2.5946485624064666,-0.0716265993496012,-0.04901196508457204,-0.008585548235261092,6.472680210589489,-0.002205029052743255,0.34677113671451326,-1.7448910106104347,-0.011243336828788978,-0.23637517524223384,-0.22545431174088015,-0.103876218336573,-0.09710598498721666,-0.17211434498655337,-0.18151424220741028,-0.07913983186534904,-0.10471975511965978,-0.07085778794565827,-0.12217304763960307,-0.4,-0.2,-0.2,-10.4,-6.000000000000001,-7.0,-10.4,10.4,-6.000000000000001,-7.0,nominal,0.108,0.098000:0.118000,0.073,0.0149,0.0169,0.108,0.05049432643111373,0.0229,0.073,0.108,0.13,0.151,20.0,one_pole,6.481962989092748,0.053523412865164065,-0.00034017921715721525,-0.10242208495733131,0.6627360294723539,none,none,none,True,1.2841316022162566,2.5946485624064666,0.4053514375935334,True,2.398912559073467,2.5946485624064666,0.9053514375935334,1.2841316022162566,2.0010874409265336,2.4841316022162565,2.398912559073467
turn_ocp_closed_loop_nominal_latency,turn_ocp_left_target_030,turn_ocp_ref_target_030[4],0.18,2.6130206307629775,2.398114077627752,2.5813619318247643,-0.10820972501252667,-0.049651532477461,-0.013839926144908928,6.466531996760153,0.004083566132830911,0.3477429358052014,-1.8960820002566205,-0.0032246454527787294,-0.28943591096979165,-0.2110870628666858,-0.10415203271342358,-0.10530225621517933,-0.15309042990216545,-0.18151424220741028,-0.0807415529152347,-0.10471975511965978,-0.07318481426147883,-0.12217304763960307,-0.4,-0.2,-0.2,-10.4,-6.000000000000001,-7.0,-10.4,10.4,-6.000000000000001,-7.0,nominal,0.108,0.098000:0.118000,0.073,0.0149,0.0169,0.108,0.05049432643111373,0.0229,0.073,0.108,0.13,0.151,20.0,one_pole,6.475876611705758,0.0537240535003926,0.0006305812553741491,-0.10299181461907467,0.6657837956443111,none,none,none,True,1.4130206307629776,2.5813619318247643,0.41863806817523574,True,2.398114077627752,2.5813619318247643,0.9186380681752357,1.4130206307629776,2.0018859223722485,2.6130206307629775,2.398114077627752
turn_ocp_closed_loop_nominal_latency,turn_ocp_left_target_030,turn_ocp_ref_target_030[4],0.2,2.7417955227594755,2.396976793115117,2.568017271432722,-0.14607489351543432,-0.050412665017131125,-0.02004769458361679,6.461838306550268,0.011249213004648722,0.34886519825307477,-1.9055101886228714,0.006497843567016784,-0.33422005700797214,-0.20141752709137054,-0.10433766303191087,-0.11081856198512559,-0.12056837858261261,-0.18151424220741028,-0.08261717212001075,-0.10471975511965978,-0.07687804437372103,-0.12217304763960307,-0.2,-0.2,-0.2,-10.4,-6.000000000000001,-7.0,-10.4,10.4,-6.000000000000001,-7.0,nominal,0.108,0.098000:0.118000,0.073,0.0149,0.0169,0.108,0.05049432643111373,0.0229,0.073,0.108,0.13,0.151,20.0,one_pole,6.471258592526326,0.05393617423435146,0.0017383355199467032,-0.10351808499583014,0.6686965109290341,none,none,none,True,1.5417955227594755,2.568017271432722,0.43198272856727815,True,2.396976793115117,2.568017271432722,0.9319827285672782,1.5417955227594755,2.0030232068848832,2.7417955227594755,2.396976793115117
turn_ocp_closed_loop_nominal_latency,turn_ocp_left_target_030,turn_ocp_ref_target_030[5],0.22,2.870474394013901,2.3953842562913787,2.5546127130896865,-0.18351168838626,-0.05136518551958591,-0.027102015056699243,6.45784563353663,0.017532750926658427,0.3497934269343881,-1.869452922924583,0.01516899887822447,-0.37599983743975574,-0.19490967559322872,-0.10446259711089241,-0.11453118062611536,-0.09170985643425944,-0.18151424220741028,-0.08249462469231399,-0.10471975511965978,-0.0816992855478635,-0.12217304763960307,-0.2,-0.2,-0.2,-10.4,-6.000000000000001,-7.0,-10.4,10.4,-6.000000000000001,-7.0,nominal,0.108,0.098000:0.118000,0.073,0.0149,0.0169,0.108,0.05049432643111373,0.0229,0.073,0.108,0.13,0.151,20.0,one_pole,6.467335855317063,0.05411277371625128,0.002710972925281691,-0.10406882362490001,0.6718338045576818,none,none,none,True,1.6704743940139009,2.5546127130896865,0.4453872869103135,True,2.3953842562913787,2.5546127130896865,0.9453872869103135,1.6704743940139009,2.0046157437086216,2.870474394013901,2.3953842562913787
turn_ocp_closed_loop_nominal_latency,turn_ocp_left_target_030,turn_ocp_ref_target_030[5],0.24,2.999062512344503,2.393199079894414,2.5411394342882367,-0.22005970586088047,-0.052586466062592326,-0.03495446115755639,6.454250385220595,0.0223459660962238,0.3501913164658966,-1.8258648792375791,0.022381717025964514,-0.4165778368359237,-0.19052972063923965,-0.10454668102680745,-0.11702987046461558,-0.06630932069485868,-0.18151424220741028,-0.08116298332915635,-0.10471975511965978,-0.09066587300970924,-0.12217304763960307,-0.2,-0.2,-0.2,-10.4,-6.000000000000001,-7.0,-10.4,10.4,-6.000000000000001,-7.0,nominal,0.108,0.098000:0.118000,0.073,0.0149,0.0169,0.108,0.05049432643111373,0.0229,0.073,0.108,0.13,0.151,20.0,one_pole,6.463782277850106,0.0542043245394655,0.003457110658659988,-0.10472026982647296,0.6756525371276567,none,none,none,True,1.7990625123445032,2.5411394342882367,0.45886056571176326,True,2.393199079894414,2.5411394342882367,0.9588605657117633,1.7990625123445032,2.0068009201055865,2.999062512344503,2.393199079894414
turn_ocp_closed_loop_nominal_latency,turn_ocp_left_target_030,turn_ocp_ref_target_030[6],0.26,3.127558023504883,2.3902795040429545,2.5275783628660093,-0.25572417266223024,-0.05415550738428685,-0.0435703655380319,6.4509640929115095,0.02555655218572182,0.34985099982126494,-1.787599585074245,0.02787632641640009,-0.45641424419504933,-0.18758189593788452,-0.1046032717102562,-0.11871155434135217,-0.042952295834415254,-0.18151424220741028,-0.07850072117213355,-0.10471975511965978,-0.1001782305141723,-0.12217304763960307,0.0,-0.2,-0.2,-10.4,-6.000000000000001,-7.0,-10.4,10.4,-6.000000000000001,-7.0,nominal,0.108,0.098000:0.118000,0.073,0.0149,0.0169,0.108,0.05049432643111373,0.0229,0.073,0.108,0.13,0.151,20.0,one_pole,6.460494299004464,0.054179284032940686,0.0039558302595818105,-0.1055605188433228,0.6807072952595828,none,none,none,True,1.927558023504883,2.5275783628660093,0.47242163713399066,True,2.3902795040429545,2.5275783628660093,0.9724216371339907,1.927558023504883,2.009720495957046,3.127558023504883,2.3902795040429545
turn_ocp_closed_loop_nominal_latency,turn_ocp_left_target_030,turn_ocp_ref_target_030[6],0.28,3.2559546038791747,2.386486514190221,2.513899029361055,-0.29064693183700196,-0.05615275150878072,-0.052912006354785004,6.4480019549342575,0.027189869835742668,0.34861927633214623,-1.7573991566360787,0.03140257556665043,-0.4955210724348334,-0.1855979325041955,-0.10464135872628473,-0.11984337175130061,-0.02397220506196621,-0.09075712110370514,-0.07435579847105725,-0.10471975511965978,-0.11293257245686295,-0.12217304763960307,0.0,-0.2,-0.2,-5.2,-6.000000000000001,-7.0,-5.2,5.2,-6.000000000000001,-7.0,nominal,0.108,0.098000:0.118000,0.073,0.0149,0.0169,0.108,0.05049432643111373,0.0229,0.073,0.108,0.13,0.151,20.0,one_pole,6.45747658917073,0.05401365933515178,0.004210615370145896,-0.10667950624334147,0.6875745215355351,none,none,none,True,2.013513485809779,2.513899029361055,0.4861009706389452,True,2.386486514190221,2.513899029361055,0.9861009706389452,2.055954603879175,2.013513485809779,3.2559546038791747,2.386486514190221
turn_ocp_closed_loop_nominal_latency,turn_ocp_left_target_030,turn_ocp_ref_target_030[6],0.3,3.384251161907253,2.3816967242833087,2.500063678262809,-0.324322182748121,-0.05865577045261254,-0.06289266974087773,6.446545304516771,0.029023996440764352,0.3461622188366761,-1.6358709541560028,0.03065617274231285,-0.5278425738078533,-0.15458747768951986,-0.1046669922882344,-0.12060511458964446,-0.005481394971919358,-0.09075712110370514,-0.06913381704222693,-0.10471975511965978,-0.12590748766660148,-0.12217304763960307,0.0,-0.2,-0.2,-5.2,-6.000000000000001,-7.0,-5.2,5.2,-6.000000000000001,-7.0,nominal,0.108,0.098000:0.118000,0.073,0.0149,0.0169,0.108,0.05049432643111373,0.0229,0.073,0.108,0.13,0.151,20.0,one_pole,6.4558978490452095,0.05364580074974453,0.004495748676735526,-0.10805396223880552,0.6962286732390786,none,none,none,True,2.0183032757166917,2.500063678262809,0.49993632173719105,True,2.3816967242833087,2.500063678262809,0.999936321737191,2.1842511619072527,2.0183032757166917,3.384251161907253,2.3816967242833087
turn_ocp_closed_loop_nominal_latency,turn_ocp_left_target_030,turn_ocp_ref_target_030[7],0.32,3.5124672042376646,2.3758224164996427,2.486036213958209,-0.3545784882474484,-0.06174532880031998,-0.07331607976316604,6.446681810221203,0.031121748445436824,0.34182292596373187,-1.4476079311230778,0.023799873217158322,-0.555881399101689,-0.13371662726679975,-0.10468424434856212,-0.12111778752316521,0.025490455314369553,-0.09075712110370514,-0.06531808938038489,-0.10471975511965978,-0.13641056324877712,-0.12217304763960307,0.0,-0.2,-0.2,-5.2,-6.000000000000001,-7.0,-5.2,5.2,-6.000000000000001,-7.0,nominal,0.108,0.098000:0.118000,0.073,0.0149,0.0169,0.108,0.05049432643111373,0.0229,0.073,0.108,0.13,0.151,20.0,one_pole,6.455812717092839,0.05297347322049731,0.004820751523108606,-0.10972805829487838,0.7069631304064006,none,none,none,True,2.0241775835003577,2.486036213958209,0.5139637860417912,True,2.3758224164996427,2.486036213958209,1.0139637860417912,2.312467204237665,2.0241775835003577,3.5124672042376646,2.3758224164996427
turn_ocp_closed_loop_nominal_latency,turn_ocp_left_target_030,turn_ocp_ref_target_030[7],0.34,3.6406037068053467,2.3687650940531984,2.471764505913242,-0.3810793175354896,-0.06551081044748455,-0.08411151751834614,6.447733863182036,0.032929053999505076,0.3356695098087834,-1.2752778358423402,0.011900904067717889,-0.585182291368155,-0.1196699968651904,-0.1046958554382006,-0.1214628298701812,0.05024817698742859,0.0,-0.06134587134076902,-0.10471975511965978,-0.1467949524006171,-0.12217304763960307,0.2,-0.2,-0.2,0.0,-6.000000000000001,-7.0,0.0,-0.0,-6.000000000000001,-7.0,nominal,0.108,0.098000:0.118000,0.073,0.0149,0.0169,0.108,0.05049432643111373,0.0229,0.073,0.108,0.13,0.151,20.0,one_pole,6.456549412250858,0.05201311957229909,0.005100123092343599,-0.11187098553733699,0.7207948757208842,none,none,none,True,2.031234905946802,2.471764505913242,0.5282354940867582,True,2.3687650940531984,2.471764505913242,1.0282354940867582,2.440603706805347,2.031234905946802,3.6406037068053467,2.3687650940531984
turn_ocp_closed_loop_nominal_latency,turn_ocp_left_target_030,turn_ocp_ref_target_030[8],0.36,3.768655956921762,2.3604441215971543,2.4571817943640855,-0.4037586238280308,-0.07003652578860442,-0.09522487877131859,6.450219946277542,0.03654270667486086,0.32810245990810966,-1.04069603859486,-0.007597198664248838,-0.6107931714926651,-0.0805410504162867,-0.10470367000643374,-0.12169505243051162,0.06970506776511556,0.0,-0.056588099340911954,-0.10471975511965978,-0.15523476029014371,-0.12217304763960307,0.2,-0.2,-0.2,0.0,-6.000000000000001,-7.0,0.0,-0.0,-6.000000000000001,-7.0,nominal,0.108,0.098000:0.118000,0.073,0.0149,0.0169,0.108,0.05049432643111373,0.0229,0.073,0.108,0.13,0.151,20.0,one_pole,6.458662705929575,0.05082306023254277,0.005657967184626362,-0.11452157323064005,0.7380404852217705,none,none,none,True,2.039555878402846,2.4571817943640855,0.5428182056359145,True,2.3604441215971543,2.4571817943640855,1.0428182056359145,2.568655956921762,2.039555878402846,3.768655956921762,2.3604441215971543
turn_ocp_closed_loop_nominal_latency,turn_ocp_left_target_030,turn_ocp_ref_target_030[8],0.38,3.8966299986900617,2.350826253739464,2.442217899435474,-0.4210796860769295,-0.07539906773470502,-0.10650439423180569,6.453999370742776,0.04234713662864231,0.31881167861779214,-0.7734051430920258,-0.033009002278923345,-0.6349701958063269,-0.054206241932690594,-0.10470892941606467,-0.12185134431176271,0.09956877758497079,0.0,-0.054872902936494605,-0.10471975511965978,-0.16017185000518858,-0.12217304763960307,0.2,-0.2,-0.2,0.0,-6.000000000000001,-7.0,0.0,-0.0,-6.000000000000001,-7.0,nominal,0.108,0.098000:0.118000,0.073,0.0149,0.0169,0.108,0.05049432643111373,0.0229,0.073,0.108,0.13,0.151,20.0,one_pole,6.462007586188048,0.04935741805005243,0.006553294648715557,-0.11773386695521394,0.7590407575440752,none,none,none,True,2.049173746260536,2.442217899435474,0.557782100564526,True,2.350826253739464,2.442217899435474,1.057782100564526,2.696629998690062,2.049173746260536,3.8966299986900617,2.350826253739464
turn_ocp_closed_loop_nominal_latency,turn_ocp_left_target_030,turn_ocp_ref_target_030[9],0.4,4.024518504900571,2.339874802791651,2.4267907575027383,-0.43332728710979457,-0.08162700097664463,-0.11794860511220473,6.458703847497751,0.05005265426514983,0.3081718784694436,-0.548972345434376,-0.06087308722836031,-0.6619681028769082,-0.036482224272943044,-0.10471246913685803,-0.1219565328520589,0.12164557798011832,0.0,-0.052490640783439416,-0.10471975511965978,-0.16136414074982297,-0.12217304763960307,0.4,-0.2,-0.2,0.0,-6.000000000000001,-7.0,0.0,-0.0,-6.000000000000001,-7.0,nominal,0.108,0.098000:0.118000,0.073,0.0149,0.0169,0.108,0.05049432643111373,0.0229,0.073,0.108,0.13,0.151,20.0,one_pole,6.466245476670417,0.047678038615214836,0.007740682640818377,-0.1216110454374548,0.7844300096956942,none,none,none,True,2.0601251972083494,2.4267907575027383,0.5732092424972617,True,2.339874802791651,2.4267907575027383,1.0732092424972617,2.575481495099429,2.0601251972083494,3.9754814950994293,2.339874802791651
turn_ocp_closed_loop_nominal_latency,turn_ocp_left_target_030,turn_ocp_ref_target_030[9],0.42,4.152310623300691,2.3275637445578092,2.410809822591975,-0.4415480710595623,-0.0887254073237869,-0.12961019813195956,6.464372542310194,0.060133125550294375,0.29674274865827166,-0.38092707679457216,-0.08955268661521221,-0.6916668751710875,-0.02455349495642948,-0.10471485146190479,-0.12202732750192219,0.13778174980924215,0.07679448708775051,-0.049483662467995626,-0.10471975511965978,-0.15908959882870918,-0.12217304763960307,0.4,0.0,-0.2,4.4,-6.000000000000001,-7.0,4.4,-4.4,-6.000000000000001,-7.0,nominal,0.108,0.098000:0.118000,0.073,0.0149,0.0169,0.108,0.05049432643111373,0.0229,0.073,0.108,0.13,0.151,20.0,one_pole,6.471459234009257,0.045872136377784485,0.009292184150003583,-0.1261845572986753,0.814432889809165,none,none,none,True,2.072436255442191,2.410809822591975,0.589190177408025,True,2.3275637445578092,2.410809822591975,1.089190177408025,2.4476893766993086,2.072436255442191,3.847689376699309,2.3275637445578092
turn_ocp_closed_loop_nominal_latency,turn_ocp_left_target_030,turn_ocp_ref_target_030[10],0.44,4.279999688851632,2.313891737928256,2.3941848774688017,-0.446247939074338,-0.09668409354071296,-0.1414973686113495,6.471184197711089,0.07452017992732307,0.2851921232366763,-0.17791778033210776,-0.12180787045211837,-0.717420101251361,0.008584633780872243,-0.10471645482922096,-0.1220749741603429,0.1506393224057585,0.07679448708775051,-0.04659341640672496,-0.10471975511965978,-0.1528571438606776,-0.12217304763960307,0.4,0.0,-0.2,4.4,-6.000000000000001,-7.0,4.4,-4.4,-6.000000000000001,-7.0,nominal,0.108,0.098000:0.118000,0.073,0.0149,0.0169,0.108,0.05049432643111373,0.0229,0.073,0.108,0.13,0.151,20.0,one_pole,6.477894158218268,0.04404258791707568,0.011504019953099744,-0.13139834441215476,0.8487373232107147,none,none,none,True,2.086108262071744,2.3941848774688017,0.6058151225311983,True,2.313891737928256,2.3941848774688017,1.1058151225311983,2.320000311148368,2.086108262071744,3.720000311148368,2.313891737928256
turn_ocp_closed_loop_nominal_latency,turn_ocp_left_target_030,turn_ocp_ref_target_030[10],0.46,4.4075862891612205,2.2988981012824916,2.3768327401146387,-0.4463625969578716,-0.10548252341478431,-0.15350659649156634,6.479064686827682,0.09323361657011042,0.273180680494774,0.04428608569352396,-0.15584007819533033,-0.7398587662734911,0.03088746462609281,-0.10471753393752904,-0.12210704161265805,0.1696272025638102,0.07679448708775051,-0.04969615752126186,-0.10471975511965978,-0.1367687001718239,-0.12217304763960307,0.4,0.0,-0.2,4.4,-6.000000000000001,-7.0,4.4,-4.4,-6.000000000000001,-7.0,nominal,0.108,0.098000:0.118000,0.073,0.0149,0.0169,0.108,0.05049432643111373,0.0229,0.073,0.108,0.13,0.151,20.0,one_pole,6.4854914545893765,0.042138639155179035,0.014376216331369865,-0.13722531485698528,0.887183084964064,none,none,none,True,2.1011018987175087,2.3768327401146387,0.6231672598853613,True,2.2988981012824916,2.3768327401146387,1.1231672598853613,2.192413710838779,2.1011018987175087,3.5924137108387795,2.2988981012824916
turn_ocp_closed_loop_nominal_latency,turn_ocp_left_target_030,turn_ocp_ref_target_030[11],0.48,4.535068193950746,2.282612619247867,2.3586690513337887,-0.442248358273669,-0.11506000062027491,-0.16565431539447906,6.488042893155801,0.11564243318835864,0.26083655449253584,0.226367490245009,-0.18939199473228857,-0.7619555250343321,0.04589785545575389,-0.1047182602057577,-0.12212862385015527,0.18157918506643517,0.15358897417550102,-0.05129277604246045,-0.10471975511965978,-0.1213889738993221,-0.12217304763960307,0.4,0.0,-0.2,8.8,-6.000000000000001,-7.0,8.8,-8.8,-6.000000000000001,-7.0,nominal,0.108,0.098000:0.118000,0.073,0.0149,0.0169,0.108,0.05049432643111373,0.0229,0.073,0.108,0.13,0.151,20.0,one_pole,6.494313625314283,0.040181017435268813,0.01780766252400494,-0.14367859399007965,0.9298867695630433,none,none,none,True,2.0649318060492536,2.3586690513337887,0.6413309486662113,True,2.282612619247867,2.3586690513337887,1.1413309486662113,2.0649318060492536,2.1173873807521333,3.464931806049254,2.282612619247867
turn_ocp_closed_loop_nominal_latency,turn_ocp_left_target_030,turn_ocp_ref_target_030[11],0.5,4.66244557671731,2.265076418582574,2.3396113970495866,-0.4342804579877066,-0.12535230454997381,-0.17794800617554454,6.4979222048109415,0.14318239118431242,0.24873307717721388,0.4440769512429281,-0.2254621598987274,-0.7780003077572297,0.08111002331562653,-0.10471874900334734,-0.122143149262739,0.1798615521969259,0.15358897417550102,-0.05343713100423883,0.0,-0.10801210914882835,-0.12217304763960307,0.4,-0.2,-0.2,8.8,0.0,-7.0,8.8,-8.8,0.0,-7.0,nominal,0.108,0.098000:0.118000,0.073,0.0149,0.0169,0.108,0.05049432643111373,0.0229,0.073,0.108,0.13,0.151,20.0,one_pole,6.50425724588153,0.038260183622147954,0.022015420465186678,-0.15070209108825247,0.9764991192858415,none,none,none,True,1.9375544232826893,2.3396113970495866,0.6603886029504134,True,2.265076418582574,2.3396113970495866,1.1603886029504134,1.9375544232826893,2.1349235814174263,3.3375544232826897,2.265076418582574
turn_ocp_closed_loop_nominal_latency,turn_ocp_left_target_030,turn_ocp_ref_target_030[12],0.52,4.789720589169834,2.246387391449396,2.3195389768265233,-0.42140771478205263,-0.13574534822771983,-0.19053969952771352,6.508786056357933,0.17554581807142444,0.24668245399613134,0.6773728859720759,-0.1686974820372018,-0.7887550368048036,0.10480873695446423,-0.07047846798650997,-0.12215292524684421,0.1858776261117257,0.15358897417550102,-0.0609428227652381,0.0,-0.09417562042212671,-0.12217304763960307,0.4,-0.2,-0.2,8.8,0.0,-7.0,8.8,-8.8,0.0,-7.0,nominal,0.108,0.098000:0.118000,0.073,0.0149,0.0169,0.108,0.05049432643111373,0.0229,0.073,0.108,0.13,0.151,20.0,one_pole,6.5158241608250425,0.03788178650890748,0.02694472059206378,-0.15916397651497868,1.032711253608446,none,none,none,True,1.8102794108301659,2.3195389768265233,0.6804610231734767,True,2.246387391449396,2.3195389768265233,1.1804610231734767,1.8102794108301659,2.1536126085506044,3.210279410830166,2.246387391449396
turn_ocp_closed_loop_nominal_latency,turn_ocp_left_target_030,turn_ocp_ref_target_030[12],0.54,4.916898271117313,2.2266708775612774,2.2982347990163063,-0.4039527996912067,-0.1439832198963072,-0.20438043336368317,6.520372133023341,0.21215000881551022,0.2693090052530172,0.8668250479220632,-0.024804782752989085,-0.7972431804922628,0.12075859356001725,-0.0474338597147177,-0.12215950474086369,0.18024330036590322,0.15358897417550102,-0.06697148536298358,0.0,-0.07371185853042342,-0.12217304763960307,0.4,-0.2,-0.2,8.8,0.0,-7.0,8.8,-8.8,0.0,-7.0,nominal,0.108,0.098000:0.118000,0.073,0.0149,0.0169,0.108,0.05049432643111373,0.0229,0.073,0.108,0.13,0.151,20.0,one_pole,6.529378815757143,0.041279242508609267,0.03249732639211708,-0.1689861714485384,1.0981308328354664,none,none,none,True,1.6831017288826864,2.2982347990163063,0.7017652009836937,True,2.2266708775612774,2.2982347990163063,1.2017652009836937,1.6831017288826864,2.173329122438723,3.0831017288826867,2.2266708775612774
turn_ocp_closed_loop_nominal_latency,turn_ocp_left_target_030,turn_ocp_ref_target_030[12],0.56,5.04399092044681,2.2059776139836553,2.27562826941677,-0.38292987547810703,-0.14902708669478648,-0.2197892383391889,6.53217699517389,0.25337384105355976,0.3108413154122756,1.0016109183381698,0.14687539378119419,-0.8043102493528559,0.13149326589770877,-0.03192423319794887,-0.12216393291311586,0.17296462495621712,0.15358897417550102,-0.0812826159468887,0.0,-0.05353473971879587,-0.12217304763960307,0.4,-0.2,0.0,8.8,0.0,-7.0,8.8,-8.8,0.0,-7.0,nominal,0.108,0.098000:0.118000,0.073,0.0149,0.0169,0.108,0.05049432643111373,0.0229,0.073,0.108,0.13,0.151,20.0,one_pole,6.544475297758901,0.047550304641443594,0.038725362911803854,-0.1784049842918501,1.1613832421919437,none,none,none,True,1.5560090795531893,2.27562826941677,0.72437173058323,True,2.2059776139836553,2.27562826941677,1.22437173058323,1.5560090795531893,2.194022386016345,2.9560090795531897,2.2059776139836553
turn_ocp_closed_loop_nominal_latency,turn_ocp_left_target_030,turn_ocp_ref_target_030[13],0.58,5.171023830496122,2.1842730246862567,2.2518524738308745,-0.3594303315274738,-0.15049906431380655,-0.2367261629658635,6.543587595980541,0.2996991347028698,0.36417419010094265,1.087996377061544,0.3238752311885664,-0.8100975333413383,0.1387179822727438,-0.021485847270421438,-0.12216691318932509,0.16165570920916314,0.15358897417550102,-0.09720592821154406,-0.10471975511965978,-0.031936516784926344,-0.12217304763960307,0.4,-0.2,0.0,8.8,-6.000000000000001,-7.0,8.8,-8.8,-6.000000000000001,-7.0,nominal,0.108,0.098000:0.118000,0.073,0.0149,0.0169,0.108,0.05049432643111373,0.0229,0.073,0.108,0.13,0.151,20.0,one_pole,6.560562555021309,0.05559624496543417,0.045697829640902306,-0.18610450933195966,1.2139145576145176,none,none,none,True,1.428976169503878,2.2518524738308745,0.7481475261691255,True,2.1842730246862567,2.2518524738308745,1.2481475261691255,1.428976169503878,2.1842730246862567,2.8289761695038784,2.1842730246862567
turn_ocp_closed_loop_nominal_latency,turn_ocp_left_target_030,turn_ocp_ref_target_030[13],0.6,5.298033883133899,2.161458948284786,2.227229183334926,-0.3344412772348948,-0.14887067029455137,-0.2547913753400672,6.554034887905969,0.351288355799233,0.41320948582564204,1.13592625717415,0.40329783113585815,-0.8143827386035043,0.14358040611370512,-0.0487011494203389,-0.12216891899347573,0.14999737814377204,0.15358897417550102,-0.1102519915729694,-0.10471975511965978,-0.011667932233091292,-0.12217304763960307,0.4,-0.2,0.0,8.8,-6.000000000000001,-7.0,8.8,-8.8,-6.000000000000001,-7.0,nominal,0.108,0.098000:0.118000,0.073,0.0149,0.0169,0.108,0.05049432643111373,0.0229,0.073,0.108,0.13,0.151,20.0,one_pole,6.576436641524422,0.06296324478876877,0.053441650019562435,-0.19031758622175923,1.244069494300217,none,none,none,True,1.301966116866101,2.227229183334926,0.7727708166650742,True,2.161458948284786,2.227229183334926,1.2727708166650742,1.301966116866101,2.161458948284786,2.7019661168661013,2.161458948284786
turn_ocp_closed_loop_nominal_latency,turn_ocp_left_target_030,turn_ocp_ref_target_030[14],0.62,5.42506124795276,2.1373893763051113,2.202262303911728,-0.30880990305960954,-0.14635703617062507,-0.2730238360346328,6.563663188144658,0.40763810313865406,0.44015190249504593,1.1552707340239163,0.39492758938235123,-0.8165292187470132,0.14685294504559288,-0.06701776243922478,-0.1221702689523414,0.137306636139886,0.15358897417550102,-0.12319703806650471,-0.10471975511965978,0.0036026546767446823,-0.12217304763960307,0.4,-0.2,0.0,8.8,-6.000000000000001,-7.0,8.8,-8.8,-6.000000000000001,-7.0,nominal,0.108,0.098000:0.118000,0.073,0.0149,0.0169,0.108,0.05049432643111373,0.0229,0.073,0.108,0.13,0.151,20.0,one_pole,6.5910224523821626,0.06695863152828113,0.06188697295699586,-0.19072932134180767,1.2494933538271658,none,none,none,True,1.1749387520472396,2.202262303911728,0.797737696088272,True,2.1373893763051113,2.202262303911728,1.297737696088272,1.1749387520472396,2.1373893763051113,2.57493875204724,2.1373893763051113
turn_ocp_closed_loop_nominal_latency,turn_ocp_left_target_030,turn_ocp_ref_target_030[14],0.64,5.552128920378915,2.111988824237001,2.1773480924056177,-0.2830778474419736,-0.1438927933670374,-0.29102504718581795,6.5723972257671806,0.46780984265034675,0.44933517841682735,1.1549317747794647,0.35688525219743555,-0.8143877231314168,0.14905544968340406,-0.07934532399395243,-0.12217117751010782,0.12184311689390975,0.15358897417550102,-0.1245356608186525,-0.10471975511965978,0.015095368117276981,0.0,0.4,-0.2,0.0,8.8,-6.000000000000001,0.0,8.8,-8.8,-6.000000000000001,0.0,nominal,0.108,0.098000:0.118000,0.073,0.0149,0.0169,0.108,0.05049432643111373,0.0229,0.073,0.108,0.13,0.151,20.0,one_pole,6.604328387104593,0.06826079560801084,0.07089319332855709,-0.1888980306051698,1.2401386066258462,none,none,none,True,1.0478710796210846,2.1773480924056177,0.8226519075943823,True,2.111988824237001,2.1773480924056177,1.3226519075943823,1.0478710796210846,2.111988824237001,2.447871079621085,2.111988824237001
turn_ocp_closed_loop_nominal_latency,turn_ocp_left_target_030,turn_ocp_ref_target_030[15],0.66,5.679239875183933,2.085251129600097,2.152701233041839,-0.25764104091398415,-0.1417882210028374,-0.3085090395422078,6.58039342817506,0.5280323083895271,0.4462660891831292,1.1367934158557682,0.3066435929978636,-0.7911553371775556,0.1505377931422736,-0.08764209664121575,-0.08222441067115048,0.1038333710123884,0.15358897417550102,-0.1210678807290089,-0.10471975511965978,0.02262780864457989,0.0,0.2,-0.2,0.0,8.8,-6.000000000000001,0.0,8.8,-8.8,-6.000000000000001,0.0,nominal,0.108,0.098000:0.118000,0.073,0.0149,0.0169,0.108,0.05049432643111373,0.0229,0.073,0.108,0.13,0.151,20.0,one_pole,6.616611610985451,0.06771385592476321,0.07988898704607199,-0.18604717346636995,1.2239126108084541,none,none,none,True,0.9207601248160664,2.152701233041839,0.8472987669581609,True,2.085251129600097,2.152701233041839,1.3472987669581609,0.9207601248160664,2.085251129600097,2.3207601248160667,2.085251129600097
turn_ocp_closed_loop_nominal_latency,turn_ocp_left_target_030,turn_ocp_ref_target_030[15],0.68,5.806377158722188,2.0571784803226554,2.1284031377362567,-0.23288442356636377,-0.14010099479647226,-0.32490834106478433,6.588012178684017,0.583358905914427,0.4350691754985578,1.1073119618204676,0.2507299881092475,-0.7387037187288416,0.15153544921633166,-0.09322604250551181,-0.05533918758914021,0.0825775673044047,0.15358897417550102,-0.1166687421195215,-0.10471975511965978,0.025309501037759786,0.0,0.2,-0.2,0.0,8.8,-6.000000000000001,0.0,8.8,-8.8,-6.000000000000001,0.0,nominal,0.108,0.098000:0.118000,0.073,0.0149,0.0169,0.108,0.05049432643111373,0.0229,0.073,0.108,0.13,0.151,20.0,one_pole,6.62808398159435,0.06594376821999254,0.08812723147675777,-0.18294708429967207,1.2058357996009583,none,none,none,True,0.7936228412778119,2.1284031377362567,0.8715968622637433,True,2.0571784803226554,2.1284031377362567,1.3715968622637433,0.7936228412778119,2.0571784803226554,2.1936228412778123,2.0571784803226554
turn_ocp_closed_loop_nominal_latency,turn_ocp_left_target_030,turn_ocp_ref_target_030[16],0.7000000000000001,5.933522136636028,2.02781169051433,2.1044603130018964,-0.20900100211025724,-0.13886210767418936,-0.33975826048543223,6.595566493456584,0.6316101134341147,0.4186937712382849,1.0744434381908778,0.19238990483877683,-0.6660184980266417,0.15220689795255368,-0.0969841847062233,-0.03724472645080985,0.06183400407580762,0.15358897417550102,-0.11142345902747525,-0.10471975511965978,0.02588318070436802,0.0,0.2,-0.2,0.0,8.8,-6.000000000000001,0.0,8.8,-8.8,-6.000000000000001,0.0,nominal,0.108,0.098000:0.118000,0.073,0.0149,0.0169,0.108,0.05049432643111373,0.0229,0.073,0.108,0.13,0.151,20.0,one_pole,6.638955729561176,0.06339602570754667,0.09528106968158827,-0.1800332807546383,1.188786791327383,none,none,none,True,0.6664778633639719,2.1044603130018964,0.8955396869981036,True,2.02781169051433,2.1044603130018964,1.3955396869981036,0.6664778633639719,2.02781169051433,2.066477863363972,2.02781169051433
turn_ocp_closed_loop_nominal_latency,turn_ocp_left_target_030,turn_ocp_ref_target_030[16],0.72,6.0606606954569395,1.9972236238780596,2.0808310836996116,-0.1860388762100753,-0.1381152126082159,-0.35275807029573064,6.603418726522759,0.6713539505945929,0.3992379854919961,1.0428015747272539,0.13388207900350718,-0.5798462104237216,0.15265880058422945,-0.09951351309586183,-0.02506667894538939,0.04289486336700623,0.15358897417550102,-0.10339981830584859,-0.10471975511965978,0.023205975734114336,0.0,0.2,-0.2,0.0,8.8,-6.000000000000001,0.0,8.8,-8.8,-6.000000000000001,0.0,nominal,0.108,0.098000:0.118000,0.073,0.0149,0.0169,0.108,0.05049432643111373,0.0229,0.073,0.108,0.13,0.151,20.0,one_pole,6.6494545621298995,0.06038578164778604,0.10113608613613467,-0.17760114931476056,1.1747522650242992,none,none,none,True,0.5393393045430601,2.0808310836996116,0.9191689163003884,True,1.9393393045430605,2.0808310836996116,1.4191689163003884,0.5393393045430601,1.9972236238780596,1.9393393045430605,1.9972236238780596
turn_ocp_closed_loop_nominal_latency,turn_ocp_left_target_030,turn_ocp_ref_target_030[17],0.74,6.187784141762826,1.9655049187266327,2.057440809328431,-0.1639589444933549,-0.13790167423419547,-0.3637284838640457,6.6119181433688405,0.7017227454281542,0.3782308014077961,1.0151233556002393,0.07701581879836028,-0.485193623563456,0.15296294292227974,-0.10121581752208078,-0.016870533179538637,0.027541830563299702,0.07679448708775051,-0.0951574703795248,-0.10471975511965978,0.02034997575337089,0.0,0.0,-0.2,0.0,4.4,-6.000000000000001,0.0,4.4,-4.4,-6.000000000000001,0.0,nominal,0.108,0.098000:0.118000,0.073,0.0149,0.0169,0.108,0.05049432643111373,0.0229,0.073,0.108,0.13,0.151,20.0,one_pole,6.659799913300313,0.05714212341456446,0.10556288901425025,-0.17584577394781756,1.1650715989308427,none,none,none,True,0.41221585823717355,2.057440809328431,0.9425591906715689,True,1.812215858237174,2.057440809328431,1.442559190671569,0.41221585823717355,1.9655049187266327,1.812215858237174,1.9655049187266327
turn_ocp_closed_loop_nominal_latency,turn_ocp_left_target_030,turn_ocp_ref_target_030[17],0.76,6.31489083384029,1.93274287855898,2.0341940026527583,-0.14324611545886845,-0.13824576087041165,-0.3726175705499314,6.622159222012635,0.7207567576044025,0.3567685055845724,0.9054985763337423,0.025571039602568242,-0.3913684259840037,0.12805785804288072,-0.10236151310332509,-0.011354311848888314,0.023973582719456085,0.07679448708775051,-0.09429682706364863,-0.10471975511965978,0.01717312037886409,0.0,0.0,-0.2,0.0,4.4,-6.000000000000001,0.0,4.4,-4.4,-6.000000000000001,0.0,nominal,0.108,0.098000:0.118000,0.073,0.0149,0.0169,0.108,0.05049432643111373,0.0229,0.073,0.108,0.13,0.151,20.0,one_pole,6.670814555352026,0.05382291768477136,0.1082576232122667,-0.17484217681979208,1.1604063548763548,none,none,none,True,0.2851091661597094,2.0341940026527583,0.9658059973472417,True,1.6851091661597097,2.0341940026527583,1.4658059973472417,0.2851091661597094,1.93274287855898,1.6851091661597097,1.93274287855898
turn_ocp_closed_loop_nominal_latency,turn_ocp_left_target_030,turn_ocp_ref_target_030[17],0.7799998954336941,6.441987825847772,1.8989928320087346,2.0109885868241015,-0.12578201568397981,-0.13914038716039695,-0.37952637332753936,6.634282425077661,0.7285045625359174,0.337249139422341,0.7417845426503684,-0.02154049454778005,-0.29862423661152226,0.11129608191320284,-0.10313259631539089,-0.007641750037762067,0.01184479305110223,0.07679448708775051,-0.09841711466570284,-0.10471975511965978,0.01420939918166811,0.0,0.0,-0.2,0.0,4.4,-6.000000000000001,0.0,4.4,-4.4,-6.000000000000001,0.0,nominal,0.108,0.098000:0.118000,0.073,0.0149,0.0169,0.108,0.05049432643111373,0.0229,0.073,0.108,0.13,0.151,20.0,one_pole,6.682676048962054,0.05079058581686245,0.1092309812806019,-0.17461340082793417,1.1609641363602394,none,none,none,True,0.158012174152228,2.0109885868241015,0.9890114131758985,True,1.5580121741522284,2.0109885868241015,1.4890114131758985,0.158012174152228,1.8989928320087346,1.5580121741522284,1.8989928320087346
