event_id,surface_index,surface_name,t0_write_start_host_s,response_window_end_s,command_step_norm,command_before_norm,command_after_norm,delta_base_deg,sigma_base_deg,delta_final_deg,response_amplitude_deg,level_10_deg,level_50_deg,level_90_deg,t10_capture_s,t50_capture_s,t90_capture_s,t10_latency_s,t50_latency_s,t90_latency_s,valid,t90_valid,rejection_reason
1,2,Aileron_R,NaN,2.6,NaN,NaN,NaN,NaN,NaN,NaN,NaN,NaN,NaN,NaN,NaN,NaN,NaN,NaN,NaN,NaN,0,0,missing_command_sample
2,2,Aileron_R,NaN,3.2,NaN,NaN,NaN,NaN,NaN,NaN,NaN,NaN,NaN,NaN,NaN,NaN,NaN,NaN,NaN,NaN,0,0,missing_command_sample
3,2,Aileron_R,NaN,3.8,NaN,NaN,NaN,NaN,NaN,NaN,NaN,NaN,NaN,NaN,NaN,NaN,NaN,NaN,NaN,NaN,0,0,missing_command_sample
4,2,Aileron_R,NaN,4.4,NaN,NaN,NaN,NaN,NaN,NaN,NaN,NaN,NaN,NaN,NaN,NaN,NaN,NaN,NaN,NaN,0,0,missing_command_sample
5,4,Elevator,NaN,5,NaN,NaN,NaN,NaN,NaN,NaN,NaN,NaN,NaN,NaN,NaN,NaN,NaN,NaN,NaN,NaN,0,0,missing_command_sample
6,4,Elevator,NaN,5.6,NaN,NaN,NaN,NaN,NaN,NaN,NaN,NaN,NaN,NaN,NaN,NaN,NaN,NaN,NaN,NaN,0,0,missing_command_sample
7,4,Elevator,NaN,6.2,NaN,NaN,NaN,NaN,NaN,NaN,NaN,NaN,NaN,NaN,NaN,NaN,NaN,NaN,NaN,NaN,0,0,missing_command_sample
8,4,Elevator,6.4314365,6.8,0.7,-0.7,0,4.19659501428521,0,0.0463531712622883,-4.15024184302292,3.78157082998292,2.12147409277375,0.461377355564581,6.43670365750024,6.43670365750024,6.43670365750024,0.00526715750023499,0.00526715750023499,0.00526715750023499,1,1,
9,1,Aileron_L,6.8030666,7.4,0.7,0,0.7,0.238543273854104,0.445368499661623,20.4844105250631,20.245867251209,2.263129998975,10.3614768994586,18.4598237999422,6.87570311329511,6.91337283082244,6.93243717203354,0.072636513295107,0.11030623082244,0.129370572033538,1,1,
10,1,Aileron_L,7.4044005,8,-0.7,0.7,0,20.4742417825909,0.567286845232411,-2.74105777012833,-23.2152995527193,18.152711827319,8.8665920062313,-0.419527814856405,7.48090488111076,7.50006279516503,7.52001570062182,0.076504381110758,0.0956622951650274,0.115615200621823,1,1,
11,1,Aileron_L,8.0107648,8.6,-0.7,0,-0.7,-2.82257320295188,0.957224069177764,-17.9609829035988,-15.1384097006469,-4.33641417301657,-10.3917780532753,-16.4471419335341,8.09485826416752,8.11780239189937,8.16266427502409,0.084093464167518,0.107037591899372,0.15189947502409,1,1,
12,1,Aileron_L,8.6259391,9.2,0.7,-0.7,0,-17.8658433459975,0.781957011203887,-0.548061210170273,17.3177821358272,-16.1340651324148,-9.20695227808389,-2.279839423753,8.71278589919086,8.73153832773187,8.77168694845703,0.0868467991908553,0.105599227731869,0.145747848457033,1,1,
13,3,Rudder,9.2059583,9.8,0.7,0,0.7,-0.888410509569229,4.683596056896,26.5742564396776,27.4626669492468,1.85785618535546,12.8429229650542,23.8279897447529,9.29060570229474,9.30208207813148,9.35000827222395,0.0846474022947383,0.0961237781314761,0.144049972223947,1,1,
14,3,Rudder,9.8115101,10.4,-0.7,0.7,0,26.5742564396776,2.14278048843428,-0.674481885497051,-27.2487383251747,23.8493826071601,12.9498872770903,2.05039194702042,9.86198415923083,9.91973012179956,9.95111992267041,0.0504740592308295,0.108220021799562,0.139609822670412,1,1,
15,3,Rudder,10.4082394,11,-0.7,0,-0.7,-0.744166318953137,3.58493643939614,-23.2508126804522,-22.5066463614991,-2.99483095510305,-11.9974894997027,-21.0001480443023,10.4941938523348,10.5092855875369,10.5243773227389,0.0859544523348497,0.101046187536891,0.116137922738933,1,1,
16,3,Rudder,11.0130078,11.6,0.7,-0.7,0,-24.3780920808536,1.99028062340015,1.83975372162791,26.2178458024815,-21.7563075006055,-11.2691691796129,-0.782030858620242,11.0711374627412,11.1042412706899,11.1480349907255,0.0581296627412353,0.0912334706898914,0.135027190725534,1,1,
17,3,Rudder,11.608455,12.2,-0.7,0,-0.7,2.00144587247097,4.89967462124256,-27.1986921617834,-29.2001380342544,-0.918567930954464,-12.5986231446562,-24.278678358358,11.6159315425,11.7296362956674,11.7815450232908,0.00747654249997076,0.121181295667398,0.173090023290817,1,1,
18,3,Rudder,12.211119,12.8,0.7,-0.7,0,-27.5070756838541,2.3984736566626,-3.29816389357705,24.208911790277,-25.0861845048264,-15.4026197887156,-5.71905507260475,12.2953389176567,12.3134836927749,12.3291792817237,0.0842199176567036,0.102364692774927,0.118060281723672,1,1,
19,3,Rudder,12.8085634,13.4,0.7,0,0.7,-1.52715276398711,7.49820370429157,25.060662396714,26.5878151607011,1.131628752083,11.7667548163634,22.4018808806439,12.8765491511241,12.909150733219,12.9336248281527,0.0679857511241178,0.100587333218963,0.12506142815265,1,1,
20,3,Rudder,13.4059423,14,-0.7,0.7,0,25.3816722006947,1.5162790421713,-4.95509109455891,-30.3367632952536,22.3479958711693,10.2132905530679,-1.92141476503355,13.5004736687248,13.5324276454747,13.5487514054249,0.0945313687247999,0.126485345474688,0.142809105424906,1,1,
21,2,Aileron_R,14.0160634,14.6,-0.7,0,-0.7,0.784589708814809,0.986569568809786,-27.8700332403015,-28.6546229491164,-2.08087258609683,-13.5427217657434,-25.0045709453899,14.0759707409076,14.1165277602972,14.1350516771039,0.0599073409075519,0.100464360297206,0.118988277103856,1,1,
22,2,Aileron_R,14.6064817,15.2,0.7,-0.7,0,-27.8510820722967,1.1719681658598,0.279512140917185,28.1305942132139,-25.0380226509753,-13.7857849656898,-2.5335472804042,14.6920027996088,14.7261250607547,14.7522287303424,0.0855210996087603,0.119643360754745,0.145747030342395,1,1,
23,2,Aileron_R,15.2065676,15.8,0.7,0,0.7,0.2372886698182,1.28090276832511,19.3023445697426,19.0650558999244,2.14379425981064,9.76981661978041,17.3958389797502,15.2301275515383,15.3200589490494,15.3521035421271,0.0235599515383296,0.113491349049429,0.14553594212715,1,1,
24,2,Aileron_R,15.803891,16.4,-0.7,0.7,0,19.4573688631452,1.24690730621264,-11.3920083388476,-30.8493772019928,16.372431142946,4.03268026214883,-8.3070706186483,15.8742030162162,15.9044957419915,15.9304845750024,0.0703120162162207,0.10060474199147,0.126593575002376,1,1,
25,1,Aileron_L,16.4111306,17,-0.7,0,-0.7,-0.197364350728337,1.66994032263639,-13.6693956508693,-13.472031300141,-1.54456748074244,-6.93338000079884,-12.3221925208552,16.4804174433476,16.5127331708313,16.5285339628069,0.0692868433476406,0.101602570831279,0.117403362806872,1,1,
26,1,Aileron_L,17.0046581,17.6,0.7,-0.7,0,-13.3210462957891,2.39306669438389,0.685931101327332,14.0069773971164,-11.9203485560774,-6.31755759723088,-0.71476663838431,17.0840169774831,17.1084455003178,17.1327569442226,0.0793588774831413,0.10378740031776,0.12809884422262,1,1,
27,1,Aileron_L,17.6012111,18.2,0.7,0,0.7,1.12659285206364,1.18962570237766,20.9774453638044,19.8508525117408,3.11167810323772,11.052019107934,18.9923601126304,17.6983902371189,17.7183556891497,17.7521740487514,0.0971791371188857,0.117144589149724,0.150962948751445,1,1,
28,1,Aileron_L,18.2144784,18.8,-0.7,0.7,0,21.1745082278573,1.88327042321857,-2.33539872909499,-23.5099069569523,18.8235175321621,9.41955474938115,0.0155919666002369,18.3002203802678,18.322151934203,18.347414747011,0.0857419802677946,0.107673534202974,0.132936347010979,1,1,
29,4,Elevator,18.8016887,19.4,-0.7,0,-0.7,-1.47108123209056,1.41080228594394,-19.6472392758037,-18.1761580437132,-3.28869703646187,-10.5591602539471,-17.8296234714324,18.8803976319435,18.9101490211623,18.9362068950652,0.0787089319434813,0.108460321162344,0.134518195065187,1,1,
30,4,Elevator,19.4100546,20,0.7,-0.7,0,-20.2995396275317,2.62636174690405,-2.23171251070425,18.0678271168274,-18.4927569158489,-11.2656260691179,-4.03849522238699,19.5106128971022,19.521860293573,19.5331076900438,0.100558297102182,0.111805693572972,0.123053090043761,1,1,
31,4,Elevator,20.0080618,20.6,0.7,0,0.7,-2.51937963282762,2.95350453839593,19.7364748952733,22.2558545281009,-0.293794180017529,8.60854763122284,17.5108894424632,20.0109912749998,20.1130455390888,20.1317969738138,0.00292947499984919,0.104983739088791,0.123735173813849,1,1,
32,4,Elevator,20.603678,21.2,-0.7,0.7,0,19.7089607375802,0.87560434162676,3.7468480631919,-15.9621126743883,18.1127494701413,11.727904400386,5.34305933063072,20.6600370853044,20.7038176139476,20.7212202417592,0.0563590853043863,0.100139613947626,0.117542241759232,1,1,
33,2,Aileron_R,21.2046365,21.8,0.7,0,0.7,-13.2735382494596,0.732009595903221,21.1656192608882,34.4391575103478,-9.82962249842483,3.94604050571428,17.7217035098534,21.2526914381341,21.2872250310228,21.3290517694515,0.048054938134058,0.0825885310227541,0.124415269451507,1,1,
34,2,Aileron_R,21.8025511,22.4,-0.7,0.7,0,21.198384830756,0.774419900342664,-10.8122080090484,-32.0105928398044,17.9973255467756,5.19308841085378,-7.611148725068,21.810277405,21.9067558631357,21.9306988897902,0.00772630499999138,0.104204763135716,0.128147789790152,1,1,
35,2,Aileron_R,22.4104071,23,-0.7,0,-0.7,-9.65489716092642,2.4141800476671,-29.5143960893356,-19.8594989284092,-11.6408470537673,-19.584646625131,-27.5284461964947,22.4149730625005,22.5326186404982,22.5562646266206,0.00456596250050012,0.122211540498185,0.14585752662056,1,1,
36,2,Aileron_R,23.0077171,23.6,0.7,-0.7,0,-28.6684088980563,1.68841729584916,0.866931056648477,29.5353399547048,-25.7148749025858,-13.9007389207039,-2.086602938822,23.0183548804583,23.1365333088921,23.1621775823362,0.0106377804582642,0.128816208892115,0.154460482336233,1,1,
37,1,Aileron_L,23.6072066,24.2,0.7,0,0.7,-1.63709806673755,1.06198116583939,20.4321005957808,22.0691986625184,0.569821799514282,9.39750126452162,18.225180729529,23.6973757724263,23.7217500935903,23.7401855816828,0.0901691724262577,0.114543493590304,0.132978981682751,1,1,
38,1,Aileron_L,24.2051151,24.8,-0.7,0.7,0,20.03789997722,2.44199397178583,-3.05996252122916,-23.0978624984491,17.7281137273751,8.4889687279954,-0.750176271384252,24.2817393092039,24.2958078168046,24.3178400844815,0.0766242092039242,0.0906927168046359,0.112724984481524,1,1,
39,1,Aileron_L,24.8149652,25.4,-0.7,0,-0.7,-2.7358368243394,0.772193625282213,-18.1699847791129,-15.4341479547735,-4.27925161981675,-10.4529108017261,-16.6265699836355,24.8537700426416,24.9221975197807,24.930816377724,0.038804842641639,0.107232319780667,0.115851177723975,1,1,
40,1,Aileron_L,25.4291518,26,0.7,-0.7,0,-18.1866378453468,0.748040911510521,-0.900664274994065,17.2859735703527,-16.4580404883115,-9.54365106017042,-2.62926163202934,25.5158949475169,25.5266285416353,25.5681609208635,0.0867431475168772,0.0974767416353366,0.139009120863474,1,1,
41,4,Elevator,26.0030088,26.6,0.7,0,0.7,2.05978964861,2.34844621806189,20.1950184824157,18.1352288338057,3.87331253199057,11.1274040655129,18.3814955990352,26.0370849935867,26.1053551429969,26.1237528151404,0.0340761935867206,0.102346342996878,0.120744015140399,1,1,
42,4,Elevator,26.6183627,27.2,-0.7,0.7,0,20.4055966157825,1.07469498011255,2.75175490533722,-17.6538417104453,18.640212444738,11.5786757605599,4.51713907638174,26.6448778605151,26.7263621247909,26.7406706439688,0.0265151605150926,0.10799942479095,0.122307943968774,1,1,
43,4,Elevator,27.2159309,27.8,-0.7,0,-0.7,3.02872193620611,2.91652442146759,-23.0061366649336,-26.0348586011398,0.425236076092138,-9.98870736436376,-20.4026508048197,27.275405009439,27.3124817637361,27.3535711195572,0.0594741094390017,0.0965508637361303,0.13764021955723,1,1,
44,4,Elevator,27.8092887,28.4,0.7,-0.7,0,-22.8255187140713,0.961681007344641,0.599451417038966,23.4249701311102,-20.4830217009602,-11.1130336485162,-1.74304559607206,27.8842842533509,27.9204765088172,27.9441839187418,0.0749955533509059,0.111187808817188,0.134895218741754,1,1,
45,3,Rudder,28.4173554,29,0.7,0,0.7,-4.59561792066912,4.58086572290417,26.4908606442763,31.0864785649454,-1.48697006417459,10.9476213618036,23.3822127877817,28.4259603075001,28.5074804962098,28.560206789726,0.00860490750007159,0.0901250962097784,0.142851389726012,1,1,
46,3,Rudder,29.003481,29.6,-0.7,0.7,0,26.5058048717587,2.17602763778509,-1.47428408986518,-27.9800889616239,23.7077959755963,12.5157603909468,1.32372480629721,29.0688938325301,29.1039561619072,29.1328281571769,0.0654128325300505,0.100475161907177,0.12934715717693,1,1,
47,3,Rudder,29.6028705,30.2,-0.7,0,-0.7,-2.22770050022254,4.76744962890622,-23.035502518139,-20.8078020179165,-4.30848070201419,-12.6316015091808,-20.9547223163474,29.6336909563524,29.6792541568203,29.712134102024,0.0308204563524015,0.0763836568203082,0.109263602024008,1,1,
48,3,Rudder,30.2059073,30.8,0.7,-0.7,0,-23.035502518139,2.21556518167043,1.66960921458424,24.7051117327233,-20.5649913448667,-10.6829466517774,-0.800901958688087,30.2929869927688,30.3127515357825,30.3501619306656,0.0870796927687856,0.106844235782525,0.144254630665582,1,1,
49,1,Aileron_L,30.8141107,31.4,-0.7,0,-0.7,-0.693118643350409,0.508612059709923,-14.7260168336722,-14.0328981903218,-2.09640846238259,-7.70956773851131,-13.32272701464,30.8773803147936,30.9222871444991,30.9302260296871,0.0632696147935512,0.108176444499129,0.116115329687059,1,1,
50,1,Aileron_L,31.4012099,32,0.7,-0.7,0,-14.2806341851655,1.9902719231137,0.780221654288784,15.0608558394543,-12.7745486012201,-6.75020626543836,-0.725863929656644,31.4873576496968,31.4986085688268,31.5346678746562,0.0861477496968455,0.0973986688268482,0.133457974656231,1,1,
51,1,Aileron_L,32.0096056,32.6,0.7,0,0.7,0.780221654288784,0.969570068987044,20.3812786703666,19.6010570160778,2.74032735589657,10.5807501623277,18.4211729687588,32.1011135327189,32.1140116659203,32.1561601997192,0.0915079327189261,0.104406065920251,0.146554599719188,1,1,
52,1,Aileron_L,32.6150937,33.2,-0.7,0.7,0,20.3996360088009,0.810171858270088,-2.92393019082347,-23.3235661996244,18.0672793888385,8.73785290898873,-0.591573570861033,32.697616825379,32.7191790278918,32.7388011109245,0.0825231253789696,0.104085327891767,0.12370741092451,1,1,
53,3,Rudder,33.209981,33.8,-0.7,0,-0.7,3.69704518423749,5.99285307089253,-26.8231085804741,-30.5201537647116,0.64502980776633,-11.5630316981183,-23.771093204003,33.2849048839475,33.3171822038478,33.3318874941311,0.0749238839475197,0.107201203847758,0.121906494131146,1,1,
54,3,Rudder,33.8145608,34.4,0.7,-0.7,0,-27.0502074725493,5.78315394678143,-4.34435552935841,22.7058519431909,-24.7796222782302,-15.6972815009538,-6.61494072367749,33.8960957667264,33.9146117822468,33.9431533040555,0.0815349667263803,0.100050982246763,0.128592504055533,1,1,
55,3,Rudder,34.4061641,35,0.7,0,0.7,-4.34435552935841,5.17765094284845,26.4429220929843,30.7872776223427,-1.26562776712414,11.049283281813,23.36419433075,34.4777416176431,34.4961870939603,34.5542742831335,0.0715775176431279,0.0900229939603463,0.14811018313349,1,1,
56,3,Rudder,35.0032549,35.6,-0.7,0.7,0,25.8088178675151,1.51852521205756,-3.49503445044823,-29.3038523179633,22.8784326357188,11.1568917085334,-0.564649218651894,35.0720707496951,35.1231126587839,35.1382264035178,0.0688158496950706,0.119857758783901,0.134971503517789,1,1,
57,2,Aileron_R,35.6031714,36.2,-0.7,0,-0.7,0.352753735512887,1.11598050752869,-28.7019850222956,-29.0547387578085,-2.55272014026796,-14.1746156433913,-25.7965111465147,35.6584466674883,35.7011380539844,35.7161101918159,0.0552752674882555,0.0979666539844288,0.112938791815928,1,1,
58,2,Aileron_R,36.2326863,36.8,0.7,-0.7,0,-28.4167883163945,2.3966006951785,0.219114838058978,28.6359031544535,-25.5531980009491,-14.0988367391678,-2.64447547738637,36.2906264800086,36.347281781144,36.3769723018917,0.0579401800086501,0.114595481143958,0.144286001891665,1,1,
59,2,Aileron_R,36.8123517,37.4,0.7,0,0.7,0.501385944958711,0.600310036347604,17.3020645524239,16.8006786074652,2.18145380570523,8.9017252486913,15.6219966916774,36.8819100442812,36.9120204389867,36.937852571499,0.0695583442812477,0.0996687389866509,0.125500871498978,1,1,
60,2,Aileron_R,37.4031344,38,-0.7,0.7,0,17.5375647898927,1.38343863499095,-10.5771954916674,-28.1147602815601,14.7260887617367,3.48018464911268,-7.76571946351137,37.4871125525759,37.5066030262087,37.5302318288689,0.0839781525759378,0.103468626208738,0.127097428868879,1,1,
61,4,Elevator,38.0079381,38.6,-0.7,0,-0.7,-1.26159892758143,1.58933780680736,-21.6175648281021,-20.3559659005207,-3.29719551763349,-11.4395818778418,-19.58196823805,38.1141287153321,38.1336387042202,38.1955997655415,0.106190615332096,0.125700604220164,0.187661665541462,1,1,
62,4,Elevator,38.6086206,39.2,0.7,-0.7,0,-21.8581853149454,1.23646912964424,-1.94902255202339,19.909162762922,-19.8672690386532,-11.9036039334844,-3.93993882831558,38.6339940077291,38.7138708139636,38.7476023663049,0.0253734077290559,0.105250213963636,0.138981766304894,1,1,
63,4,Elevator,39.2109353,39.8,0.7,0,0.7,-2.20056945638529,1.65413116179088,20.354270369445,22.5548398258302,0.0549145261977384,9.07685045652984,18.0987863868619,39.2112243625003,39.3180370702625,39.340108554309,0.000289062500257842,0.107101770262481,0.129173254309016,1,1,
64,4,Elevator,39.8115967,40.4,-0.7,0.7,0,20.3049883518283,1.27820265642902,3.01445094671554,-17.2905374051127,18.575934611317,11.6597196492719,4.74350468722681,39.8968398489501,39.9261307484874,39.9344008391089,0.0852431489500702,0.114534048487378,0.122804139108943,1,1,
65,4,Elevator,40.4046184,41,0.7,0,0.7,1.70859916312246,2.26795108832529,21.220643321942,19.5120441588195,3.65980357900441,11.4646212425322,19.26943890606,40.4707204873919,40.5063494453903,40.5274895324291,0.0661020873919327,0.10173104539026,0.122871132429111,1,1,
66,4,Elevator,41.0104783,41.6000000000001,-0.7,0.7,0,21.220643321942,1.38667816751845,1.32684863907972,-19.8937946828623,19.2312638536557,11.2737459805108,3.31622810736594,41.0338403714793,41.1250067266995,41.1379563710325,0.0233620714792977,0.114528426699522,0.127478071032535,1,1,
67,4,Elevator,41.6017057,42.2000000000001,-0.7,0,-0.7,1.13969093157121,1.93341903670573,-24.2238852632815,-25.3635761948527,-1.39666668791406,-11.5420971658551,-21.6875276437962,41.6717576568889,41.7122891559535,41.7597974406506,0.0700519568888538,0.11058345595346,0.158091740650633,1,1,
68,4,Elevator,42.2307024,42.8000000000001,0.7,-0.7,0,-25.8689240773858,2.31366016986544,-2.61589396978221,23.2530301076035,-23.5436210666254,-14.242409023584,-4.94119698054257,42.2431855280206,42.3267017130822,42.3470457347239,0.0124831280205768,0.0959993130821744,0.116343334723943,1,1,
69,2,Aileron_R,42.8078749,43.4000000000001,0.7,0,0.7,-11.6353196410678,0.980050182329671,20.2781837921031,31.9135034331708,-8.44396929775069,4.32143207551765,17.086833448786,42.8799113257458,42.9125885526553,42.9462893248325,0.0720364257457575,0.104713652655256,0.138414424832526,1,1,
70,2,Aileron_R,43.4120352,44.0000000000001,-0.7,0.7,0,20.5980411361844,1.71116575517489,-9.67910552384019,-30.2771466600246,17.570326470182,5.45946780617212,-6.65139085783773,43.5025724234845,43.5273032884991,43.5509521089512,0.0905372234845458,0.115268088499143,0.138916908951245,1,1,
71,2,Aileron_R,44.005677,44.6000000000001,-0.7,0,-0.7,-10.0137297816033,3.34774244615226,-31.9700066492091,-21.9562768676058,-12.2093574683639,-20.9918682154062,-29.7743789624485,44.0064135750004,44.0989780229303,44.2247654669751,0.000736575000424011,0.0933010229302766,0.219088466975087,1,1,
72,2,Aileron_R,44.6158835,45.2000000000001,0.7,-0.7,0,-34.068938069018,3.656669225433,0.684320325453328,34.7532583944713,-30.5936122295708,-16.6923088717823,-2.7910055139938,44.6727626123844,44.7193176088532,44.7584807834217,0.0568791123844221,0.103434108853151,0.142597283421686,1,1,
73,3,Rudder,45.2082356,45.8000000000001,0.7,0,0.7,-1.49957343331044,4.52321559746343,25.7709059443442,27.2704793776546,1.22747450445503,12.1356662555169,23.0438580065787,45.2474222511198,45.2910406041183,45.344777389011,0.0391866511197918,0.0828050041183133,0.136541789011048,1,1,
74,3,Rudder,45.8037485,46.4000000000001,-0.7,0.7,0,25.7977162202866,1.32270767325535,-5.00148426317899,-30.7992004834656,22.71779617194,10.3981159785538,-1.92156421483243,45.8617233894823,45.9206875452146,45.9998703031835,0.0579748894822956,0.11693904521465,0.196121803183509,1,1,
75,3,Rudder,46.4134069,47.0000000000001,-0.7,0,-0.7,-5.00148426317899,5.44764501510902,-24.9365547465915,-19.9350704834125,-6.99499131152024,-14.9690195048853,-22.9430476982503,46.4632551723046,46.5027721113673,46.5889727628587,0.0498482723045655,0.0893652113673369,0.17556586285869,1,1,
76,3,Rudder,47.0113737,47.6000000000001,0.7,-0.7,0,-24.9365547465915,2.44821202458976,0.585711913152644,25.5222666597442,-22.3843280806171,-12.1754214167194,-1.96651475282177,47.0932489979816,47.1049965140872,47.1135946675313,0.0818752979816111,0.0936228140872331,0.102220967531274,1,1,
77,1,Aileron_L,47.6283619,48.2000000000001,0.7,0,0.7,-2.98831340778257,0.671655085612398,20.4061328638061,23.3944462715887,-0.648868780623701,8.70890972801176,18.0666882366472,47.7190060524971,47.7566993910122,47.7883193007597,0.09064415249712,0.128337491012225,0.159957400759737,1,1,
78,1,Aileron_L,48.2214617,48.8000000000001,-0.7,0.7,0,20.6900233624363,1.94359956779166,-2.71194101965659,-23.4019643820929,18.349826924227,8.98904117138984,-0.371744581447306,48.2925308960752,48.3206680955368,48.3403130672846,0.0710691960751575,0.0992063955367612,0.118851367284627,1,1,
79,1,Aileron_L,48.811613,49.4000000000001,-0.7,0,-0.7,-2.97536016494821,1.73543517049905,-18.8493274832232,-15.873967318275,-4.56275689677571,-10.9123438240857,-17.2619307513957,48.8733834832075,48.9201802601068,48.9885775070815,0.0617704832075461,0.108567260106831,0.176964507081451,1,1,
80,1,Aileron_L,49.4204436,50.0000000000001,0.7,-0.7,0,-18.7357552215621,1.48349057905865,-0.468864694497532,18.2668905270645,-16.9090661688556,-9.6023099580298,-2.29555374720399,49.4279646924996,49.5153811818086,49.5509066310322,0.00752109249958011,0.0949375818085869,0.130463031032249,1,1,
81,2,Aileron_R,50.0013014,50.6000000000001,-0.7,0,-0.7,0.298599454772898,1.10716499204274,-26.5374757798852,-26.8360752346581,-2.38500806869291,-13.1194381625562,-23.8538682564194,50.0782946799449,50.1201324809822,50.1312185527558,0.0769932799448725,0.11883108098219,0.12991715275583,1,1,
82,2,Aileron_R,50.6022162,51.2000000000001,0.7,-0.7,0,-26.7368634317399,1.40601356970664,0.317975212301822,27.0548386440417,-24.0313795673357,-13.209444109719,-2.38750865210235,50.6809002198017,50.7094099338943,50.7348792941255,0.0786840198016563,0.107193733894299,0.132663094125462,1,1,
83,2,Aileron_R,51.2029985,51.8000000000001,0.7,0,0.7,0.259540826582878,1.23222690869284,17.8846658042799,17.625124977697,2.02205332435258,9.07210331543137,16.1221533065102,51.2223558423733,51.2988795248699,51.3199471169511,0.0193573423732758,0.0958810248698612,0.116948616951149,1,1,
84,2,Aileron_R,51.8062089,52.4000000000001,-0.7,0.7,0,17.8846658042799,0.794452939304548,-7.79446130511546,-25.6791271093953,15.3167530933403,5.0451022495822,-5.22654859417593,51.9009489934388,51.9253261499128,51.942160013704,0.0947400934387943,0.119117249912769,0.135951113703989,1,1,
85,4,Elevator,52.4015755,53.0000000000001,-0.7,0,-0.7,-1.9015322713356,1.95805234882957,-21.9214203042185,-20.0198880328829,-3.90352107462389,-11.9114762877771,-19.9194315009303,52.5129727241936,52.5330572873485,52.5394743178577,0.11139722419356,0.131481787348513,0.137898817857661,1,1,
86,4,Elevator,53.0518532,53.6000000000001,0.7,-0.7,0,-21.4124574656108,0.654373803269942,-2.65062018503421,18.7618372805766,-19.5362737375532,-12.0315388253225,-4.52680391309187,53.1276720209357,53.1452898199977,53.1762451664355,0.0758188209357016,0.0934366199977461,0.124391966435518,1,1,
87,4,Elevator,53.604969,54.2000000000001,0.7,0,0.7,-2.53620878035499,2.94521109271003,19.9513517292059,22.4875605095609,-0.287452729398905,8.70757147442545,17.7025956782498,53.6141483450001,53.7279279516282,53.7349729260316,0.00917934500011341,0.122958951628242,0.13000392603157,1,1,
88,4,Elevator,54.2061497,54.8000000000001,-0.7,0.7,0,19.9513517292059,0.650342458135505,2.67130197395474,-17.2800497552512,18.2233467536808,11.3113268515803,4.39930694947985,54.3160593229387,54.3292192977384,54.3423792725382,0.109909622938751,0.12306959773845,0.136229572538156,1,1,
89,3,Rudder,54.8169602,55.4000000000001,-0.7,0,-0.7,-2.97791372383654,2.44060698262344,-25.6511023697735,-22.673188645937,-5.24523258843024,-14.314508046805,-23.3837835051798,54.8530806574999,54.905086797035,54.9543748751976,0.036120457499905,0.0881265970350071,0.137414675197583,1,1,
90,3,Rudder,55.4155532,56.0000000000001,0.7,-0.7,0,-25.5483088784001,2.09256013170145,-4.37706209673959,21.1712467816605,-23.431184200234,-14.9626854875698,-6.49418677490564,55.5066039152355,55.5266303409921,55.5462853429362,0.0910507152355393,0.111077140992073,0.130732142936175,1,1,
91,3,Rudder,56.0282802,56.6000000000001,0.7,0,0.7,-3.20752063399103,2.59164406617703,25.1600024372436,28.3675230712346,-0.370768326867565,10.9762409016263,22.3232501301201,56.0968413786561,56.1192190497012,56.16200930321,0.0685611786561182,0.0909388497012245,0.133729103210044,1,1,
92,3,Rudder,56.6030181,57.2000000000001,-0.7,0.7,0,24.1578211516705,1.85991073630473,-0.632153473272949,-24.7899746249435,21.6788236891762,11.7628338391988,1.8468439892214,56.6829020611112,56.723220321739,56.7391932897096,0.0798839611112143,0.120202221738985,0.136175189709625,1,1,
93,1,Aileron_L,57.2101977,57.8000000000001,-0.7,0,-0.7,-0.991547367661536,0.980885065310283,-14.4740921639955,-13.4825447963339,-2.33980184729493,-7.7328197658285,-13.1258376843621,57.3149485457807,57.3228545748661,57.3307606039514,0.104750845780671,0.112656874866062,0.120562903951445,1,1,
94,1,Aileron_L,57.8135628,58.4000000000001,0.7,-0.7,0,-14.334864814036,1.65657261941588,2.60542123309687,16.9402860471329,-12.6408362093227,-5.86472179046957,0.911392628383584,57.9338039052114,57.9428839693423,57.9519640334731,0.120241105211399,0.129321169342269,0.138401233473132,1,1,
95,1,Aileron_L,58.4276246,59.0000000000001,0.7,0,0.7,2.89201829242997,1.26569904078901,20.7652954392526,17.8732771468226,4.67934600711223,11.8286568658413,18.9779677245703,58.5430780998216,58.5559275000326,58.575586949642,0.115453499821591,0.128302900032615,0.147962349641972,1,1,
96,1,Aileron_L,59.0032029,59.6000000000001,-0.7,0.7,0,21.5104232759971,1.44837093286814,-2.92442534357134,-24.4348486195684,19.0669384140402,9.29299896621286,-0.4809404816145,59.0630680512275,59.0974005763256,59.1110429801656,0.0598651512275055,0.0941976763256349,0.107840080165616,1,1,
97,4,Elevator,59.6094134,60.2000000000001,0.7,0,0.7,3.94754186637743,3.01256369803668,19.7155795701146,15.7680377037372,5.52434563675115,11.831560718246,18.1387757997409,59.630205584959,59.71911567852,59.7554292908161,0.0207921849590349,0.10970227851999,0.146015890816066,1,1,
98,4,Elevator,60.2210639,60.8000000000001,-0.7,0.7,0,19.9662568570681,1.30935258065551,2.28001789222645,-17.6862389648417,18.1976329605839,11.1231373746473,4.04864178871062,60.3009592199176,60.3252977312896,60.338710057058,0.0798953199176395,0.104233831289626,0.11764615705804,1,1,
99,4,Elevator,60.819709,61.4000000000001,-0.7,0,-0.7,2.28001789222645,1.02278008356962,-25.6154219983409,-27.8954398905673,-0.50952609683028,-11.6677020530572,-22.8258780092841,60.9279452720031,60.9472998350328,61.0071440291613,0.108236272003097,0.127590835032805,0.187435029161264,1,1,
100,4,Elevator,61.4115973,62.0000000000001,0.7,-0.7,0,-25.6154219983409,0.733671533521039,-0.0144601252420388,25.6009618730988,-23.055325811031,-12.8149410617915,-2.57455631255192,61.490550084657,61.5157319169495,61.5373350577273,0.0789527846570408,0.104134616949537,0.125737757727272,1,1,
101,1,Aileron_L,62.0095909,62.6000000000001,0.7,0,0.7,-2.77813143261323,0.338679738009667,20.9567705666179,23.7349019992311,-0.404641232690116,9.08931956700233,18.5832803666948,62.0996162100694,62.1182838218958,62.153880038187,0.0900253100694286,0.108692921895774,0.144289138186977,1,1,
102,1,Aileron_L,62.6092993,63.2000000000001,-0.7,0.7,0,20.9567705666179,1.28183348737985,-1.95230125085511,-22.909071817473,18.6658633848706,9.50223465788138,0.338605930892186,62.6962563692187,62.7176177996878,62.7318240553268,0.0869570692187338,0.108318499687797,0.122524755326786,1,1,
103,1,Aileron_L,63.2062918,63.8000000000001,-0.7,0,-0.7,-1.88540198599177,1.43807581738337,-18.5027142333938,-16.617312247402,-3.54713321073196,-10.1940581096928,-16.8409830086536,63.2524044052345,63.3118387401609,63.327985202023,0.0461126052344625,0.105546940160906,0.121693402023027,1,1,
104,1,Aileron_L,63.8110811,64.4000000000001,0.7,-0.7,0,-18.1507496761868,1.24904926034803,-0.337123886799027,17.8136257893878,-16.369387097248,-9.24393678149292,-2.11848646573781,63.8823518931391,63.9147176273634,63.9312616678715,0.0712707931391066,0.103636527363435,0.120180567871508,1,1,
105,3,Rudder,64.4175791,65.0000000000001,0.7,0,0.7,0.017166911377017,4.30927351196343,26.6597997661327,26.6426328547557,2.68143019685259,13.3384833387549,23.9955364806572,64.4835699419445,64.5019400156991,64.5394937341404,0.0659908419444974,0.0843609156991363,0.121914634140424,1,1,
106,3,Rudder,65.0127549,65.6000000000001,-0.7,0.7,0,26.327988851095,1.32918714760724,-2.87261839360437,-29.2006072446994,23.4079281266251,11.7276852287453,0.0474423308655609,65.1058863566476,65.1360294675384,65.1516961271103,0.0931314566475976,0.123274567538388,0.13894122711028,1,1,
107,3,Rudder,65.612305,66.2000000000001,-0.7,0,-0.7,-3.17594836806065,4.32797325558121,-23.663197932899,-20.4872495648384,-5.22467332454448,-13.4195731504798,-21.6144729764152,65.6857457536499,65.7016483507754,65.7128846181804,0.0734407536498765,0.0893433507754224,0.10057961818039,1,1,
108,3,Rudder,66.2012418,66.8000000000001,0.7,-0.7,0,-23.7012942596773,1.87033178651773,-4.81991360770964,18.8813806519677,-21.8131561944805,-14.2606039336935,-6.70805167290641,66.2036330174997,66.2778316399897,66.2873861298546,0.0023912174997065,0.0765898399896798,0.0861443298545481,1,1,
109,2,Aileron_R,66.8058293,67.4000000000001,0.7,0,0.7,-11.87460914285,2.0727905119744,20.0707324038565,31.9453415467066,-8.68007498817937,4.09806163050325,16.8761982491859,66.8521314521708,66.8888531714573,66.9215718550076,0.0463021521707532,0.0830238714572573,0.115742555007571,1,1,
110,2,Aileron_R,67.4089582,68.0000000000001,-0.7,0.7,0,20.4064310426056,1.71502935556188,-10.4317048127825,-30.8381358553881,17.3226174570668,4.98736311491157,-7.34789122724369,67.4958099100411,67.5209572153033,67.5353412188221,0.0868517100411452,0.111999015303255,0.126383018822082,1,1,
111,2,Aileron_R,68.0095095,68.6000000000001,-0.7,0,-0.7,-10.3492891873186,2.89480836653192,-30.7188941195299,-20.3696049322113,-12.3862496805397,-20.5340916534242,-28.6819336263087,68.0136153150002,68.1337058992595,68.1471076371804,0.00410581500021578,0.124196399259489,0.137598137180433,1,1,
112,2,Aileron_R,68.62844,69.2000000000001,0.7,-0.7,0,-29.5048541656535,2.32373275448317,0.572672428808917,30.0775265944624,-26.4971015062072,-14.4660908684223,-2.43508023063732,68.7149083956124,68.737745366531,68.7730082021945,0.0864683956124281,0.109305366531032,0.144568202194506,1,1,
113,4,Elevator,69.20697,69.8000000000001,-0.7,0,-0.7,-2.165410795751,1.18733842641379,-21.5526833774338,-19.3872725816828,-4.10413805391928,-11.8590470865924,-19.6139561192655,69.2883906381929,69.3304758897493,69.34149002868,0.0814206381928528,0.123505889749282,0.134520028680043,1,1,
114,4,Elevator,69.8245499,70.4,0.7,-0.7,0,-22.2299487200526,6.05210464541705,-2.92495317740987,19.3049955426427,-20.2994491657883,-12.5774509487312,-4.85545273167413,69.9021927299551,69.9188547391594,69.9326741972185,0.07764282995511,0.0943048391593777,0.108124297218481,1,1,
115,4,Elevator,70.4221302,71,0.7,0,0.7,-2.92495317740987,3.18262803035134,19.9326010197048,22.8575541971147,-0.639197757698394,8.50382392114749,17.6468455999934,70.4370859650006,70.5163746044353,70.5411348331433,0.0149557650006074,0.0942444044353294,0.119004633143291,1,1,
116,4,Elevator,71.0519566,71.6,-0.7,0.7,0,20.798510794198,1.22458134687971,5.23647850645147,-15.5620322877466,19.2423075654234,13.0174946503248,6.79268173522613,71.0892648124994,71.1616224592032,71.1791975055976,0.0373082124994113,0.109665859203176,0.127240905597631,1,1,
117,1,Aileron_L,71.6292133,72.2,-0.7,0,-0.7,0.421442532792667,0.0917149685176686,-15.1519405981181,-15.5733831309108,-1.13589578029841,-7.36524903266274,-13.5946022850271,71.6775141196246,71.7194246821391,71.7482365037374,0.0483008196245578,0.09021138213906,0.119023203737413,1,1,
118,1,Aileron_L,72.2117233,72.8,0.7,-0.7,0,-13.669105861274,2.32331883149861,-0.00996826679467197,13.6591375944793,-12.3031921018261,-6.83953706403433,-1.3758820262426,72.2908394960913,72.3069614069044,72.3443483193917,0.07911619609132,0.0952381069043611,0.132625019391696,1,1,
119,1,Aileron_L,72.8338473,73.4,0.7,0,0.7,0.584731920403437,0.841033070281384,21.478836255388,20.8941043349845,2.67414235390189,11.0317840878957,19.3894258218895,72.9299842580112,72.9518728807081,73.1169511006378,0.0961369580111864,0.118025580708121,0.283103800637832,1,1,
120,1,Aileron_L,73.4187164,74,-0.7,0.7,0,21.600305359443,0.917337970125926,-2.55574055314845,-24.1560459125915,19.1847007681839,9.52228240314729,-0.140135961889303,73.462658026079,73.5151366598489,73.5525946022195,0.0439416260789613,0.096420259848955,0.133878202219506,1,1,
121,2,Aileron_R,74.0063067,74.6,-0.7,0,-0.7,1.45463648256014,1.56331399183507,-27.1147950057169,-28.569431488277,-1.40230666626756,-12.8300792615784,-24.2578518568892,74.0711955072239,74.1137793369006,74.1426929586885,0.0648888072238663,0.107472636900638,0.136386258688475,1,1,
122,2,Aileron_R,74.6229337,75.2,0.7,-0.7,0,-26.2726878880274,1.00217283661845,0.653913870510183,26.9266017585376,-23.5800277121737,-12.8093870087586,-2.03874630534358,74.7171490621304,74.7362657669052,74.7614171414912,0.0942153621303845,0.11333206690523,0.138483441491218,1,1,
123,2,Aileron_R,75.2014764,75.8,0.7,0,0.7,0.613313590724328,0.654687406501776,17.7012292220823,17.087915631358,2.32210515386012,9.15727140640331,15.9924376589465,75.2170234624995,75.2919273483457,75.317290121199,0.0155470624995075,0.090450948345719,0.115813721198961,1,1,
124,2,Aileron_R,75.8105178,76.4,-0.7,0.7,0,17.7012292220823,0.588232763682038,-7.99054142532674,-25.691770647409,15.1320521573414,4.85534389837778,-5.42136436058583,75.8974735292358,75.9222749385639,75.9429731001026,0.086955729235811,0.111757138563888,0.132455300102563,1,1,
125,3,Rudder,76.4369736,77,-0.7,0,-0.7,0.0426548378610087,2.79712181142295,-22.9562936298342,-22.9989484676952,-2.25724000890851,-11.4568193959866,-20.6563987830647,76.4997203780121,76.5155253555998,76.5313303331875,0.0627467780120696,0.0785517555997615,0.0943567331874533,1,1,
126,3,Rudder,77.0059219,77.6,0.7,-0.7,0,-24.1805188698102,3.91131755865956,-3.45898326974446,20.7215356000657,-22.1083653098036,-13.8197510697773,-5.53113682975103,77.0764388758871,77.0904418982183,77.1074237510333,0.0705169758870596,0.084519998218255,0.101501851033319,1,1,
127,3,Rudder,77.6348795,78.2,0.7,0,0.7,-3.45898326974446,5.49106241168133,23.9188416668581,27.3778249366025,-0.721200776084204,10.2299291985568,21.1810591731978,77.6827963238906,77.7260428241439,77.7548242379654,0.0479168238906311,0.0911633241439347,0.119944737965369,1,1,
128,3,Rudder,78.2151584,78.8,-0.7,0.7,0,23.6549830129632,1.9021442747316,-5.4041817160394,-29.0591647290026,20.749066540063,9.12540064846192,-2.49826524313913,78.2860458509678,78.3559121529109,78.4165362703115,0.070887450967831,0.140753752910896,0.201377870311447,1,1,
129,4,Elevator,78.8251461,79.4,0.7,0,0.7,2.46760587570115,1.17678567331291,19.7165488036421,17.248942927941,4.19250016849525,11.0920773396716,17.991654510848,78.8871634350641,78.9230303081201,78.948283048696,0.062017335064084,0.097884208120135,0.123136948695958,1,1,
130,4,Elevator,79.4042863,80,-0.7,0.7,0,19.5118031468153,0.866437675191281,2.7168724056793,-16.794930741136,17.8323100727017,11.1143377762473,4.3963654797929,79.4836031971383,79.4992312147129,79.5148592322874,0.079316897138284,0.0949449147128689,0.11057293228744,1,1,
131,4,Elevator,80.0296237,80.6,-0.7,0,-0.7,2.177234434064,1.32720277030149,-25.9317008023314,-28.1089352363954,-0.633659089575547,-11.8772331841337,-23.1208072786919,80.123676572945,80.1498995897522,80.2732286155178,0.0940528729450278,0.120275889752193,0.243604915517764,1,1,
132,4,Elevator,80.6214932,81.1999999999999,0.7,-0.7,0,-25.6791961857614,0.739850943157491,-2.81739410030783,22.8618020854536,-23.3930159772161,-14.2482951430346,-5.10357430885319,80.6727461501084,80.6916685604458,80.7105909707833,0.0512529501083492,0.070175360445802,0.089097770783269,1,1,
133,2,Aileron_R,81.2088631,81.7999999999999,0.7,0,0.7,-11.3955186271827,1.10424534973095,20.7621576903034,32.157676317486,-8.17975099543408,4.68331953156034,17.5463900585547,81.2812127614153,81.3109220595617,81.3433429844928,0.0723496614153447,0.102058959561731,0.134479884492791,1,1,
134,2,Aileron_R,81.8123679,82.3999999999999,-0.7,0.7,0,20.9223418989713,1.10494987539706,-12.0264540242649,-32.9487959232362,17.6274623066477,4.44794393735323,-8.73157443194125,81.9034355072874,81.9270606611065,81.9554980774193,0.0910676072874139,0.114692761106539,0.143130177419295,1,1,
135,2,Aileron_R,82.4122285,82.9999999999999,-0.7,0,-0.7,-11.9165981766008,2.98433625779275,-31.1686861466387,-19.2520879700379,-13.8418069736046,-21.5426421616198,-29.2434773496349,82.4279061013779,82.5343244578128,82.5771815929885,0.0156776013779165,0.122095957812789,0.164953092988469,1,1,
136,2,Aileron_R,83.0046817,83.5999999999999,0.7,-0.7,0,-31.4613446350103,5.23160165902271,-0.267696468524312,31.1936481664859,-28.3419798183617,-15.8645205517673,-3.38706128517291,83.0768336078069,83.1117051903116,83.1370198232044,0.0721519078069264,0.107023490311605,0.13233812320442,1,1,
137,3,Rudder,83.6125636,84.1999999999999,0.7,0,0.7,-1.42319592254943,3.49145443376133,25.383172628068,26.8063685506175,1.25744093251232,11.9799883527593,22.7025357730063,83.6206414454489,83.6957369105414,83.7148068355331,0.00807784544890922,0.0831733105414116,0.102243235533066,1,1,
138,3,Rudder,84.2122317,84.7999999999999,-0.7,0.7,0,25.383172628068,1.28640703783332,-6.72300471130804,-32.1061773393761,22.1725548941304,9.33008395838,-3.51238697737043,84.3048789112205,84.3399866383741,84.3596656832679,0.0926472112204806,0.127754938374082,0.147433983267931,1,1,
139,3,Rudder,84.8091121,85.3999999999999,-0.7,0,-0.7,-6.95923876535485,6.33639255679274,-22.7724696528793,-15.8132308875244,-8.54056185410729,-14.8658542091171,-21.1911465641268,84.8877856641455,84.8957261014837,84.9302134978174,0.0786735641455181,0.0866140014837242,0.121101397817441,1,1,
140,3,Rudder,85.4049021,85.9999999999999,0.7,-0.7,0,-22.8866146613586,3.49963012598558,-4.75393372318225,18.1326809381764,-21.073346567541,-13.8202741922704,-6.56720181699989,85.4119092199992,85.4965861312847,85.5120401441567,0.00700711999920145,0.0916840312847143,0.107138044156699,1,1,
141,1,Aileron_L,86.0122438,86.5999999999999,0.7,0,0.7,-2.20922914343988,1.3624646112152,21.2394251612789,23.4486543047188,0.135636287032001,9.51509800891953,18.8945597308071,86.0978584307101,86.1225519757244,86.1442998811588,0.0856146307101255,0.110308175724427,0.132056081158851,1,1,
142,1,Aileron_L,86.6059336,87.1999999999999,-0.7,0.7,0,21.1713134335891,0.951238706546368,-2.55361086714528,-23.7249243007344,18.7988210035156,9.3088512832219,-0.181118437071841,86.6730892948786,86.6974905347954,86.7181371434407,0.0671556948785934,0.091556934795392,0.112203543440671,1,1,
143,1,Aileron_L,87.2142204,87.7999999999999,-0.7,0,-0.7,-2.6777653985244,1.40251325377899,-17.8021671541826,-15.1244017556582,-4.19020557409022,-10.2399662763535,-16.2897269786168,87.2904414138022,87.3046650511605,87.3333242257852,0.0762210138022255,0.0904446511604675,0.119103825785217,1,1,
144,1,Aileron_L,87.8114022,88.3999999999999,0.7,-0.7,0,-18.0397718592725,1.26133735476983,-0.65306315092051,17.386708708352,-16.3011009884373,-9.34641750509652,-2.39173402175571,87.892910784307,87.9219055136104,87.9364675444894,0.0815085843070449,0.110503313610394,0.125065344489357,1,1,
145,3,Rudder,88.4250231,88.9999999999999,-0.7,0,-0.7,1.65068457822107,4.34629572767099,-21.7292292294603,-23.3799138076814,-0.687306802547067,-10.0392723256196,-19.3912378486922,88.4553115271354,88.4976806827002,88.5297338085727,0.0302884271354174,0.0726575827001597,0.104710708572654,1,1,
146,3,Rudder,89.0044992,89.5999999999999,0.7,-0.7,0,-21.3894923678322,3.63639691604436,-0.830712239944699,20.5587801278875,-19.3336143550434,-11.1101023038884,-2.88659025273345,89.082986387652,89.0941716125894,89.1293954300052,0.0784871876520157,0.0896724125894366,0.124896230005206,1,1,
147,3,Rudder,89.6016832,90.1999999999999,0.7,0,0.7,0.285554610534223,5.93735779878306,23.4836136742695,23.1980590637352,2.60536051690775,11.8845841424018,21.1638077678959,89.6624130411133,89.6856380961418,89.716889743414,0.0607298411133144,0.083954896141833,0.115206543413976,1,1,
148,3,Rudder,90.2066226,90.7999999999999,-0.7,0.7,0,24.2770567486495,2.35356877904712,-6.82768708888747,-31.104743837537,21.1665823648958,8.72468482988104,-3.71721270513376,90.3028943203483,90.3420777391302,90.3498700358158,0.0962717203483408,0.135455139130215,0.143247435815752,1,1,
149,2,Aileron_R,90.8082954,91.3999999999998,-0.7,0,-0.7,0.156744750264164,0.711953428191652,-28.0103071365407,-28.1670518868049,-2.65996043841633,-13.9267811931383,-25.1936019478602,90.8794873051536,90.9239267990487,90.9468961090321,0.0711919051536398,0.115631399048723,0.138600709032048,1,1,
150,2,Aileron_R,91.4154774,91.9999999999998,0.7,-0.7,0,-27.9298825339781,0.482253850663747,-0.135875560995437,27.7940069729827,-25.1504818366798,-14.0328790474868,-2.9152762582937,91.5059564464501,91.532817807335,91.5609307068579,0.0904790464501417,0.117340407335021,0.14545330685786,1,1,
